research_date,x_user_id,handle,display_name,account_url,identity_affiliation_evidence_url,source_category,club_context_coverage,observed_signal_types,sample_window_start,sample_window_end,sample_items_inspected,relevant_items,original_items,repost_items,source_link_items,correction_language_items,sample_post_urls,verified_claims,evidence_sufficiency,identity_status,activity_status,primary_vs_aggregator,relevance_score_20,historical_verifiability_score_20,timeliness_score_15,directness_score_15,uniqueness_score_10,consistency_score_10,correction_transparency_score_5,signal_to_noise_score_5,conservative_total_score_100,research_access_method,access_result,policy_status,research_eligibility,shortlist,pilot_recommendation,runtime_review_status,rationale,limitations,re_review_trigger
2026-08-26,,PremierLeague,Premier League,https://x.com/PremierLeague,https://www.premierleague.com/,league_official,Premier League,,,,0,0,0,0,0,0,,not_applicable_official_source,limited_public_sample,needs_identity_review,unresolved,primary official account,0,20,0,15,8,0,0,0,43,unresolved; affiliation public-web research; X sample not_attempted_skip_x,not_attempted_skip_x,internal_research_only; runtime_disabled; terms_review_required,needs_identity_review,yes,candidate_for_FPL-80_review,not_reviewed; disabled,Selected for coverage-constrained shortlist: Premier League,only 0 public items observed; fewer than 20 relevant items available in the endpoint sample; no deletion history; no relative publication-latency benchmark; official status does not grant reuse rights,handle/affiliation change; inactivity; terms/access change; pilot scope change; material correction or reliability evidence
2026-08-26,761568335138058240,OfficialFPL,Fantasy Premier League,https://x.com/OfficialFPL,https://fantasy.premierleague.com/,fpl_official,FPL game,,,,0,0,0,0,0,0,,not_applicable_official_source,limited_public_sample,resolved_from_wikidata_P2002_with_P6552_qualifier,unresolved,primary official account,0,20,0,15,8,0,0,0,43,wikidata_P2002_with_P6552_qualifier; affiliation public-web research; X sample not_attempted_skip_x,not_attempted_skip_x,internal_research_only; runtime_disabled; terms_review_required,eligible_for_research,yes,candidate_for_FPL-80_review,not_reviewed; disabled,Selected for coverage-constrained shortlist: FPL game,only 0 public items observed; fewer than 20 relevant items available in the endpoint sample; no deletion history; no relative publication-latency benchmark; official status does not grant reuse rights,handle/affiliation change; inactivity; terms/access change; pilot scope change; material correction or reliability evidence
2026-08-26,,PLComms,Premier League Communications,https://x.com/PLComms,https://www.premierleague.com/about,league_official,Premier League communications,,,,0,0,0,0,0,0,,not_applicable_official_source,limited_public_sample,needs_identity_review,unresolved,primary official account,0,20,0,15,8,0,0,0,43,unresolved; affiliation public-web research; X sample not_attempted_skip_x,not_attempted_skip_x,internal_research_only; runtime_disabled; terms_review_required,needs_identity_review,yes,candidate_for_FPL-80_review,not_reviewed; disabled,Selected for coverage-constrained shortlist: Premier League communications,only 0 public items observed; fewer than 20 relevant items available in the endpoint sample; no deletion history; no relative publication-latency benchmark; official status does not grant reuse rights,handle/affiliation change; inactivity; terms/access change; pilot scope change; material correction or reliability evidence
2026-08-26,34613288,Arsenal,Arsenal,https://x.com/Arsenal,https://www.arsenal.com/,club_official,Arsenal,,,,0,0,0,0,0,0,,not_applicable_official_source,limited_public_sample,resolved_from_wikidata_P2002_with_P6552_qualifier,unresolved,primary official account,0,20,0,15,8,0,0,0,43,wikidata_P2002_with_P6552_qualifier; affiliation public-web research; X sample not_attempted_skip_x,not_attempted_skip_x,internal_research_only; runtime_disabled; terms_review_required,eligible_for_research,yes,no,not_reviewed; disabled,Selected for coverage-constrained shortlist: Arsenal,only 0 public items observed; fewer than 20 relevant items available in the endpoint sample; no deletion history; no relative publication-latency benchmark; official status does not grant reuse rights,handle/affiliation change; inactivity; terms/access change; pilot scope change; material correction or reliability evidence
2026-08-26,27489253,AVFCOfficial,Aston Villa,https://x.com/AVFCOfficial,https://www.avfc.co.uk/,club_official,Aston Villa,,,,0,0,0,0,0,0,,not_applicable_official_source,limited_public_sample,resolved_from_wikidata_P2002_with_P6552_qualifier,unresolved,primary official account,0,20,0,15,8,0,0,0,43,wikidata_P2002_with_P6552_qualifier; affiliation public-web research; X sample not_attempted_skip_x,not_attempted_skip_x,internal_research_only; runtime_disabled; terms_review_required,eligible_for_research,yes,no,not_reviewed; disabled,Selected for coverage-constrained shortlist: Aston Villa,only 0 public items observed; fewer than 20 relevant items available in the endpoint sample; no deletion history; no relative publication-latency benchmark; official status does not grant reuse rights,handle/affiliation change; inactivity; terms/access change; pilot scope change; material correction or reliability evidence
2026-08-26,20880206,afcbournemouth,AFC Bournemouth,https://x.com/afcbournemouth,https://www.afcb.co.uk/,club_official,Bournemouth,,,,0,0,0,0,0,0,,not_applicable_official_source,limited_public_sample,resolved_from_wikidata_P2002_with_P6552_qualifier,unresolved,primary official account,0,20,0,15,8,0,0,0,43,wikidata_P2002_with_P6552_qualifier; affiliation public-web research; X sample not_attempted_skip_x,not_attempted_skip_x,internal_research_only; runtime_disabled; terms_review_required,eligible_for_research,yes,no,not_reviewed; disabled,Selected for coverage-constrained shortlist: Bournemouth,only 0 public items observed; fewer than 20 relevant items available in the endpoint sample; no deletion history; no relative publication-latency benchmark; official status does not grant reuse rights,handle/affiliation change; inactivity; terms/access change; pilot scope change; material correction or reliability evidence
2026-08-26,103036163,BrentfordFC,Brentford FC,https://x.com/BrentfordFC,https://www.brentfordfc.com/,club_official,Brentford,,,,0,0,0,0,0,0,,not_applicable_official_source,limited_public_sample,resolved_from_public_x_profile_metadata_recorded_2026-08-26,unresolved,primary official account,0,20,0,15,8,0,0,0,43,public_x_profile_metadata_recorded_2026-08-26; affiliation public-web research; X sample not_attempted_skip_x,not_attempted_skip_x,internal_research_only; runtime_disabled; terms_review_required,eligible_for_research,yes,no,not_reviewed; disabled,Selected for coverage-constrained shortlist: Brentford,only 0 public items observed; fewer than 20 relevant items available in the endpoint sample; no deletion history; no relative publication-latency benchmark; official status does not grant reuse rights,handle/affiliation change; inactivity; terms/access change; pilot scope change; material correction or reliability evidence
2026-08-26,57606154,OfficialBHAFC,Brighton & Hove Albion,https://x.com/OfficialBHAFC,https://www.brightonandhovealbion.com/,club_official,Brighton,,,,0,0,0,0,0,0,,not_applicable_official_source,limited_public_sample,resolved_from_wikidata_P2002_with_P6552_qualifier,unresolved,primary official account,0,20,0,15,8,0,0,0,43,wikidata_P2002_with_P6552_qualifier; affiliation public-web research; X sample not_attempted_skip_x,not_attempted_skip_x,internal_research_only; runtime_disabled; terms_review_required,eligible_for_research,yes,no,not_reviewed; disabled,Selected for coverage-constrained shortlist: Brighton,only 0 public items observed; fewer than 20 relevant items available in the endpoint sample; no deletion history; no relative publication-latency benchmark; official status does not grant reuse rights,handle/affiliation change; inactivity; terms/access change; pilot scope change; material correction or reliability evidence
2026-08-26,22910295,ChelseaFC,Chelsea FC,https://x.com/ChelseaFC,https://www.chelseafc.com/,club_official,Chelsea,,,,0,0,0,0,0,0,,not_applicable_official_source,limited_public_sample,resolved_from_wikidata_P2002_with_P6552_qualifier,unresolved,primary official account,0,20,0,15,8,0,0,0,43,wikidata_P2002_with_P6552_qualifier; affiliation public-web research; X sample not_attempted_skip_x,not_attempted_skip_x,internal_research_only; runtime_disabled; terms_review_required,eligible_for_research,yes,no,not_reviewed; disabled,Selected for coverage-constrained shortlist: Chelsea,only 0 public items observed; fewer than 20 relevant items available in the endpoint sample; no deletion history; no relative publication-latency benchmark; official status does not grant reuse rights,handle/affiliation change; inactivity; terms/access change; pilot scope change; material correction or reliability evidence
2026-08-26,70677962,Coventry_City,Coventry City,https://x.com/Coventry_City,https://www.ccfc.co.uk/,club_official,Coventry City,,,,0,0,0,0,0,0,,not_applicable_official_source,limited_public_sample,resolved_from_wikidata_P2002_with_P6552_qualifier,unresolved,primary official account,0,20,0,15,8,0,0,0,43,wikidata_P2002_with_P6552_qualifier; affiliation public-web research; X sample not_attempted_skip_x,not_attempted_skip_x,internal_research_only; runtime_disabled; terms_review_required,eligible_for_research,yes,no,not_reviewed; disabled,Selected for coverage-constrained shortlist: Coventry City,only 0 public items observed; fewer than 20 relevant items available in the endpoint sample; no deletion history; no relative publication-latency benchmark; official status does not grant reuse rights,handle/affiliation change; inactivity; terms/access change; pilot scope change; material correction or reliability evidence
2026-08-26,85307509,CPFC,Crystal Palace F.C.,https://x.com/CPFC,https://www.cpfc.co.uk/,club_official,Crystal Palace,,,,0,0,0,0,0,0,,not_applicable_official_source,limited_public_sample,resolved_from_wikidata_P2002_with_P6552_qualifier,unresolved,primary official account,0,20,0,15,8,0,0,0,43,wikidata_P2002_with_P6552_qualifier; affiliation public-web research; X sample not_attempted_skip_x,not_attempted_skip_x,internal_research_only; runtime_disabled; terms_review_required,eligible_for_research,yes,no,not_reviewed; disabled,Selected for coverage-constrained shortlist: Crystal Palace,only 0 public items observed; fewer than 20 relevant items available in the endpoint sample; no deletion history; no relative publication-latency benchmark; official status does not grant reuse rights,handle/affiliation change; inactivity; terms/access change; pilot scope change; material correction or reliability evidence
2026-08-26,15891449,Everton,Everton,https://x.com/Everton,https://www.evertonfc.com/,club_official,Everton,,,,0,0,0,0,0,0,,not_applicable_official_source,limited_public_sample,resolved_from_wikidata_P2002_with_P6552_qualifier,unresolved,primary official account,0,20,0,15,8,0,0,0,43,wikidata_P2002_with_P6552_qualifier; affiliation public-web research; X sample not_attempted_skip_x,not_attempted_skip_x,internal_research_only; runtime_disabled; terms_review_required,eligible_for_research,yes,no,not_reviewed; disabled,Selected for coverage-constrained shortlist: Everton,only 0 public items observed; fewer than 20 relevant items available in the endpoint sample; no deletion history; no relative publication-latency benchmark; official status does not grant reuse rights,handle/affiliation change; inactivity; terms/access change; pilot scope change; material correction or reliability evidence
2026-08-26,22903812,FulhamFC,Fulham Football Club,https://x.com/FulhamFC,https://www.fulhamfc.com/,club_official,Fulham,,,,0,0,0,0,0,0,,not_applicable_official_source,limited_public_sample,resolved_from_wikidata_P2002_with_P6552_qualifier,unresolved,primary official account,0,20,0,15,8,0,0,0,43,wikidata_P2002_with_P6552_qualifier; affiliation public-web research; X sample not_attempted_skip_x,not_attempted_skip_x,internal_research_only; runtime_disabled; terms_review_required,eligible_for_research,yes,no,not_reviewed; disabled,Selected for coverage-constrained shortlist: Fulham,only 0 public items observed; fewer than 20 relevant items available in the endpoint sample; no deletion history; no relative publication-latency benchmark; official status does not grant reuse rights,handle/affiliation change; inactivity; terms/access change; pilot scope change; material correction or reliability evidence
2026-08-26,104450912,HullCity,Hull City,https://x.com/HullCity,https://www.wearehullcity.co.uk/,club_official,Hull City,,,,0,0,0,0,0,0,,not_applicable_official_source,limited_public_sample,resolved_from_wikidata_P2002_with_P6552_qualifier,unresolved,primary official account,0,20,0,15,8,0,0,0,43,wikidata_P2002_with_P6552_qualifier; affiliation public-web research; X sample not_attempted_skip_x,not_attempted_skip_x,internal_research_only; runtime_disabled; terms_review_required,eligible_for_research,yes,no,not_reviewed; disabled,Selected for coverage-constrained shortlist: Hull City,only 0 public items observed; fewer than 20 relevant items available in the endpoint sample; no deletion history; no relative publication-latency benchmark; official status does not grant reuse rights,handle/affiliation change; inactivity; terms/access change; pilot scope change; material correction or reliability evidence
2026-08-26,,IpswichTown,Ipswich Town,https://x.com/IpswichTown,https://www.itfc.co.uk/,club_official,Ipswich Town,,,,0,0,0,0,0,0,,not_applicable_official_source,limited_public_sample,needs_identity_review,unresolved,primary official account,0,20,0,15,8,0,0,0,43,unresolved; affiliation public-web research; X sample not_attempted_skip_x,not_attempted_skip_x,internal_research_only; runtime_disabled; terms_review_required,needs_identity_review,yes,no,not_reviewed; disabled,Selected for coverage-constrained shortlist: Ipswich Town,only 0 public items observed; fewer than 20 relevant items available in the endpoint sample; no deletion history; no relative publication-latency benchmark; official status does not grant reuse rights,handle/affiliation change; inactivity; terms/access change; pilot scope change; material correction or reliability evidence
2026-08-26,1024095475,LUFC,Leeds United,https://x.com/LUFC,https://www.leedsunited.com/,club_official,Leeds United,,,,0,0,0,0,0,0,,not_applicable_official_source,limited_public_sample,resolved_from_wikidata_P2002_with_P6552_qualifier,unresolved,primary official account,0,20,0,15,8,0,0,0,43,wikidata_P2002_with_P6552_qualifier; affiliation public-web research; X sample not_attempted_skip_x,not_attempted_skip_x,internal_research_only; runtime_disabled; terms_review_required,eligible_for_research,yes,no,not_reviewed; disabled,Selected for coverage-constrained shortlist: Leeds United,only 0 public items observed; fewer than 20 relevant items available in the endpoint sample; no deletion history; no relative publication-latency benchmark; official status does not grant reuse rights,handle/affiliation change; inactivity; terms/access change; pilot scope change; material correction or reliability evidence
2026-08-26,19583545,LFC,Liverpool FC,https://x.com/LFC,https://www.liverpoolfc.com/,club_official,Liverpool,,,,0,0,0,0,0,0,,not_applicable_official_source,limited_public_sample,resolved_from_wikidata_P2002_with_P6552_qualifier,unresolved,primary official account,0,20,0,15,8,0,0,0,43,wikidata_P2002_with_P6552_qualifier; affiliation public-web research; X sample not_attempted_skip_x,not_attempted_skip_x,internal_research_only; runtime_disabled; terms_review_required,eligible_for_research,yes,no,not_reviewed; disabled,Selected for coverage-constrained shortlist: Liverpool,only 0 public items observed; fewer than 20 relevant items available in the endpoint sample; no deletion history; no relative publication-latency benchmark; official status does not grant reuse rights,handle/affiliation change; inactivity; terms/access change; pilot scope change; material correction or reliability evidence
2026-08-26,14573900,ManCity,Manchester City,https://x.com/ManCity,https://www.mancity.com/,club_official,Manchester City,,,,0,0,0,0,0,0,,not_applicable_official_source,limited_public_sample,resolved_from_wikidata_P2002_with_P6552_qualifier,unresolved,primary official account,0,20,0,15,8,0,0,0,43,wikidata_P2002_with_P6552_qualifier; affiliation public-web research; X sample not_attempted_skip_x,not_attempted_skip_x,internal_research_only; runtime_disabled; terms_review_required,eligible_for_research,yes,no,not_reviewed; disabled,Selected for coverage-constrained shortlist: Manchester City,only 0 public items observed; fewer than 20 relevant items available in the endpoint sample; no deletion history; no relative publication-latency benchmark; official status does not grant reuse rights,handle/affiliation change; inactivity; terms/access change; pilot scope change; material correction or reliability evidence
2026-08-26,558797310,ManUtd,Manchester United,https://x.com/ManUtd,https://www.manutd.com/,club_official,Manchester United,,,,0,0,0,0,0,0,,not_applicable_official_source,limited_public_sample,resolved_from_wikidata_P2002_with_P6552_qualifier,unresolved,primary official account,0,20,0,15,8,0,0,0,43,wikidata_P2002_with_P6552_qualifier; affiliation public-web research; X sample not_attempted_skip_x,not_attempted_skip_x,internal_research_only; runtime_disabled; terms_review_required,eligible_for_research,yes,no,not_reviewed; disabled,Selected for coverage-constrained shortlist: Manchester United,only 0 public items observed; fewer than 20 relevant items available in the endpoint sample; no deletion history; no relative publication-latency benchmark; official status does not grant reuse rights,handle/affiliation change; inactivity; terms/access change; pilot scope change; material correction or reliability evidence
2026-08-26,,NUFC,Newcastle United,https://x.com/NUFC,https://www.newcastleunited.com/,club_official,Newcastle United,,,,0,0,0,0,0,0,,not_applicable_official_source,limited_public_sample,needs_identity_review,unresolved,primary official account,0,20,0,15,8,0,0,0,43,unresolved; affiliation public-web research; X sample not_attempted_skip_x,not_attempted_skip_x,internal_research_only; runtime_disabled; terms_review_required,needs_identity_review,yes,no,not_reviewed; disabled,Selected for coverage-constrained shortlist: Newcastle United,only 0 public items observed; fewer than 20 relevant items available in the endpoint sample; no deletion history; no relative publication-latency benchmark; official status does not grant reuse rights,handle/affiliation change; inactivity; terms/access change; pilot scope change; material correction or reliability evidence
2026-08-26,39754653,NFFC,Nottingham Forest,https://x.com/NFFC,https://www.nottinghamforest.co.uk/,club_official,Nottingham Forest,,,,0,0,0,0,0,0,,not_applicable_official_source,limited_public_sample,resolved_from_wikidata_P2002_with_P6552_qualifier,unresolved,primary official account,0,20,0,15,8,0,0,0,43,wikidata_P2002_with_P6552_qualifier; affiliation public-web research; X sample not_attempted_skip_x,not_attempted_skip_x,internal_research_only; runtime_disabled; terms_review_required,eligible_for_research,yes,no,not_reviewed; disabled,Selected for coverage-constrained shortlist: Nottingham Forest,only 0 public items observed; fewer than 20 relevant items available in the endpoint sample; no deletion history; no relative publication-latency benchmark; official status does not grant reuse rights,handle/affiliation change; inactivity; terms/access change; pilot scope change; material correction or reliability evidence
2026-08-26,,SunderlandAFC,Sunderland AFC,https://x.com/SunderlandAFC,https://www.safc.com/,club_official,Sunderland,,,,0,0,0,0,0,0,,not_applicable_official_source,limited_public_sample,needs_identity_review,unresolved,primary official account,0,20,0,15,8,0,0,0,43,unresolved; affiliation public-web research; X sample not_attempted_skip_x,not_attempted_skip_x,internal_research_only; runtime_disabled; terms_review_required,needs_identity_review,yes,no,not_reviewed; disabled,Selected for coverage-constrained shortlist: Sunderland,only 0 public items observed; fewer than 20 relevant items available in the endpoint sample; no deletion history; no relative publication-latency benchmark; official status does not grant reuse rights,handle/affiliation change; inactivity; terms/access change; pilot scope change; material correction or reliability evidence
2026-08-26,121402638,SpursOfficial,Tottenham Hotspur,https://x.com/SpursOfficial,https://www.tottenhamhotspur.com/,club_official,Tottenham Hotspur,,,,0,0,0,0,0,0,,not_applicable_official_source,limited_public_sample,resolved_from_wikidata_P2002_with_P6552_qualifier,unresolved,primary official account,0,20,0,15,8,0,0,0,43,wikidata_P2002_with_P6552_qualifier; affiliation public-web research; X sample not_attempted_skip_x,not_attempted_skip_x,internal_research_only; runtime_disabled; terms_review_required,eligible_for_research,yes,no,not_reviewed; disabled,Selected for coverage-constrained shortlist: Tottenham Hotspur,only 0 public items observed; fewer than 20 relevant items available in the endpoint sample; no deletion history; no relative publication-latency benchmark; official status does not grant reuse rights,handle/affiliation change; inactivity; terms/access change; pilot scope change; material correction or reliability evidence
2026-08-26,,FA_PGMOL,PGMOL,https://x.com/FA_PGMOL,https://www.premierleague.com/referees,competition_official,officials and suspensions,,,,0,0,0,0,0,0,,not_applicable_official_source,limited_public_sample,needs_identity_review,unresolved,primary official account,0,20,0,15,8,0,0,0,43,unresolved; affiliation public-web research; X sample not_attempted_skip_x,not_attempted_skip_x,internal_research_only; runtime_disabled; terms_review_required,needs_identity_review,no,no,not_reviewed; disabled,Candidate retained for comparison: officials and suspensions,only 0 public items observed; fewer than 20 relevant items available in the endpoint sample; no deletion history; no relative publication-latency benchmark; official status does not grant reuse rights,handle/affiliation change; inactivity; terms/access change; pilot scope change; material correction or reliability evidence
2026-08-26,4418429837,EmiratesFACup,Emirates FA Cup,https://x.com/EmiratesFACup,https://www.thefa.com/competitions/thefacup,competition_official,FA Cup,,,,0,0,0,0,0,0,,not_applicable_official_source,limited_public_sample,resolved_from_wikidata_P2002_with_P6552_qualifier,unresolved,primary official account,0,20,0,15,8,0,0,0,43,wikidata_P2002_with_P6552_qualifier; affiliation public-web research; X sample not_attempted_skip_x,not_attempted_skip_x,internal_research_only; runtime_disabled; terms_review_required,eligible_for_research,no,no,not_reviewed; disabled,Candidate retained for comparison: FA Cup,only 0 public items observed; fewer than 20 relevant items available in the endpoint sample; no deletion history; no relative publication-latency benchmark; official status does not grant reuse rights,handle/affiliation change; inactivity; terms/access change; pilot scope change; material correction or reliability evidence
2026-08-26,462495637,Carabao_Cup,Carabao Cup,https://x.com/Carabao_Cup,https://www.efl.com/competitions/carabao-cup,competition_official,EFL Cup,,,,0,0,0,0,0,0,,not_applicable_official_source,limited_public_sample,resolved_from_wikidata_P2002_with_P6552_qualifier,unresolved,primary official account,0,20,0,15,8,0,0,0,43,wikidata_P2002_with_P6552_qualifier; affiliation public-web research; X sample not_attempted_skip_x,not_attempted_skip_x,internal_research_only; runtime_disabled; terms_review_required,eligible_for_research,no,no,not_reviewed; disabled,Candidate retained for comparison: EFL Cup,only 0 public items observed; fewer than 20 relevant items available in the endpoint sample; no deletion history; no relative publication-latency benchmark; official status does not grant reuse rights,handle/affiliation change; inactivity; terms/access change; pilot scope change; material correction or reliability evidence
2026-08-26,1903382054,England,England,https://x.com/England,https://www.englandfootball.com/,national_team_official,England,,,,0,0,0,0,0,0,,not_applicable_official_source,limited_public_sample,resolved_from_wikidata_P2002_with_P6552_qualifier,unresolved,primary official account,0,20,0,15,8,0,0,0,43,wikidata_P2002_with_P6552_qualifier; affiliation public-web research; X sample not_attempted_skip_x,not_attempted_skip_x,internal_research_only; runtime_disabled; terms_review_required,eligible_for_research,no,no,not_reviewed; disabled,Candidate retained for comparison: England,only 0 public items observed; fewer than 20 relevant items available in the endpoint sample; no deletion history; no relative publication-latency benchmark; official status does not grant reuse rights,handle/affiliation change; inactivity; terms/access change; pilot scope change; material correction or reliability evidence
2026-08-26,713993413,SkySportsPL,Sky Sports Premier League,https://x.com/SkySportsPL,https://www.skysports.com/premier-league,publisher,Premier League,,,,0,0,0,0,0,0,,0,insufficient_evidence: no five-claim independent accuracy review,resolved_from_wikidata_P2002_with_P6552_qualifier,unresolved,analysis/creator; not a primary factual source,0,0,0,6,4,0,0,0,10,wikidata_P2002_with_P6552_qualifier; affiliation public-web research; X sample not_attempted_skip_x,not_attempted_skip_x,internal_research_only; runtime_disabled; terms_review_required,eligible_for_research,no,no,not_reviewed; disabled,Candidate retained for comparison: Premier League,only 0 public items observed; fewer than 20 relevant items available in the endpoint sample; no deletion history; no relative publication-latency benchmark; historical accuracy component held at zero pending claim verification,handle/affiliation change; inactivity; terms/access change; pilot scope change; material correction or reliability evidence
2026-08-26,265902729,BBCSport,BBC Sport,https://x.com/BBCSport,https://www.bbc.com/sport/football,publisher,football,,,,0,0,0,0,0,0,,0,insufficient_evidence: no five-claim independent accuracy review,resolved_from_wikidata_P2002_with_P6552_qualifier,unresolved,analysis/creator; not a primary factual source,0,0,0,6,4,0,0,0,10,wikidata_P2002_with_P6552_qualifier; affiliation public-web research; X sample not_attempted_skip_x,not_attempted_skip_x,internal_research_only; runtime_disabled; terms_review_required,eligible_for_research,no,no,not_reviewed; disabled,Candidate retained for comparison: football,only 0 public items observed; fewer than 20 relevant items available in the endpoint sample; no deletion history; no relative publication-latency benchmark; historical accuracy component held at zero pending claim verification,handle/affiliation change; inactivity; terms/access change; pilot scope change; material correction or reliability evidence
2026-08-26,,BBCMOTD,Match of the Day,https://x.com/BBCMOTD,https://www.bbc.com/sport/football,publisher,Premier League,,,,0,0,0,0,0,0,,0,insufficient_evidence: no five-claim independent accuracy review,needs_identity_review,unresolved,analysis/creator; not a primary factual source,0,0,0,6,4,0,0,0,10,unresolved; affiliation public-web research; X sample not_attempted_skip_x,not_attempted_skip_x,internal_research_only; runtime_disabled; terms_review_required,needs_identity_review,no,no,not_reviewed; disabled,Candidate retained for comparison: Premier League,only 0 public items observed; fewer than 20 relevant items available in the endpoint sample; no deletion history; no relative publication-latency benchmark; historical accuracy component held at zero pending claim verification,handle/affiliation change; inactivity; terms/access change; pilot scope change; material correction or reliability evidence
2026-08-26,,TheAthleticFC,The Athletic | Football,https://x.com/TheAthleticFC,https://www.nytimes.com/athletic/football/,publisher,football,,,,0,0,0,0,0,0,,0,insufficient_evidence: no five-claim independent accuracy review,needs_identity_review,unresolved,analysis/creator; not a primary factual source,0,0,0,6,4,0,0,0,10,unresolved; affiliation public-web research; X sample not_attempted_skip_x,not_attempted_skip_x,internal_research_only; runtime_disabled; terms_review_required,needs_identity_review,no,no,not_reviewed; disabled,Candidate retained for comparison: football,only 0 public items observed; fewer than 20 relevant items available in the endpoint sample; no deletion history; no relative publication-latency benchmark; historical accuracy component held at zero pending claim verification,handle/affiliation change; inactivity; terms/access change; pilot scope change; material correction or reliability evidence
2026-08-26,46403451,guardian_sport,Guardian sport,https://x.com/guardian_sport,https://www.theguardian.com/football,publisher,football,,,,0,0,0,0,0,0,,0,insufficient_evidence: no five-claim independent accuracy review,resolved_from_wikidata_P2002_with_P6552_qualifier,unresolved,analysis/creator; not a primary factual source,0,0,0,6,4,0,0,0,10,wikidata_P2002_with_P6552_qualifier; affiliation public-web research; X sample not_attempted_skip_x,not_attempted_skip_x,internal_research_only; runtime_disabled; terms_review_required,eligible_for_research,no,no,not_reviewed; disabled,Candidate retained for comparison: football,only 0 public items observed; fewer than 20 relevant items available in the endpoint sample; no deletion history; no relative publication-latency benchmark; historical accuracy component held at zero pending claim verification,handle/affiliation change; inactivity; terms/access change; pilot scope change; material correction or reliability evidence
2026-08-26,2219897472,TeleFootball,Telegraph Football,https://x.com/TeleFootball,https://www.telegraph.co.uk/football/,publisher,football,,,,0,0,0,0,0,0,,0,insufficient_evidence: no five-claim independent accuracy review,resolved_from_wikidata_P2002_with_P6552_qualifier,unresolved,analysis/creator; not a primary factual source,0,0,0,6,4,0,0,0,10,wikidata_P2002_with_P6552_qualifier; affiliation public-web research; X sample not_attempted_skip_x,not_attempted_skip_x,internal_research_only; runtime_disabled; terms_review_required,eligible_for_research,no,no,not_reviewed; disabled,Candidate retained for comparison: football,only 0 public items observed; fewer than 20 relevant items available in the endpoint sample; no deletion history; no relative publication-latency benchmark; historical accuracy component held at zero pending claim verification,handle/affiliation change; inactivity; terms/access change; pilot scope change; material correction or reliability evidence
2026-08-26,,OptaJoe,OptaJoe,https://x.com/OptaJoe,https://www.statsperform.com/opta/,data_publisher,Premier League data,,,,0,0,0,0,0,0,,0,insufficient_evidence: no five-claim independent accuracy review,needs_identity_review,unresolved,analysis/creator; not a primary factual source,0,0,0,6,4,0,0,0,10,unresolved; affiliation public-web research; X sample not_attempted_skip_x,not_attempted_skip_x,internal_research_only; runtime_disabled; terms_review_required,needs_identity_review,no,no,not_reviewed; disabled,Candidate retained for comparison: Premier League data,only 0 public items observed; fewer than 20 relevant items available in the endpoint sample; no deletion history; no relative publication-latency benchmark; historical accuracy component held at zero pending claim verification,handle/affiliation change; inactivity; terms/access change; pilot scope change; material correction or reliability evidence
2026-08-26,385473825,Squawka,Squawka,https://x.com/Squawka,https://www.squawka.com/,data_publisher,football data,,,,0,0,0,0,0,0,,0,insufficient_evidence: no five-claim independent accuracy review,resolved_from_wikidata_P2002_with_P6552_qualifier,unresolved,analysis/creator; not a primary factual source,0,0,0,6,4,0,0,0,10,wikidata_P2002_with_P6552_qualifier; affiliation public-web research; X sample not_attempted_skip_x,not_attempted_skip_x,internal_research_only; runtime_disabled; terms_review_required,eligible_for_research,no,no,not_reviewed; disabled,Candidate retained for comparison: football data,only 0 public items observed; fewer than 20 relevant items available in the endpoint sample; no deletion history; no relative publication-latency benchmark; historical accuracy component held at zero pending claim verification,handle/affiliation change; inactivity; terms/access change; pilot scope change; material correction or reliability evidence
2026-08-26,,David_Ornstein,David Ornstein,https://x.com/David_Ornstein,https://muckrack.com/david-ornstein,reporter,national football,,,,0,0,0,0,0,0,,0,insufficient_evidence: no five-claim independent accuracy review,needs_identity_review,unresolved,potential original reporter; attribution chain requires item-level review,0,0,0,10,8,0,0,0,18,unresolved; affiliation public-web research; X sample not_attempted_skip_x,not_attempted_skip_x,internal_research_only; runtime_disabled; terms_review_required,needs_identity_review,yes,candidate_for_FPL-80_review,not_reviewed; disabled,Selected for coverage-constrained shortlist: national football,only 0 public items observed; fewer than 20 relevant items available in the endpoint sample; no deletion history; no relative publication-latency benchmark; historical accuracy component held at zero pending claim verification,handle/affiliation change; inactivity; terms/access change; pilot scope change; material correction or reliability evidence
2026-08-26,330262748,FabrizioRomano,Fabrizio Romano,https://x.com/FabrizioRomano,https://www.fabrizioromano.com/,reporter,transfers,,,,0,0,0,0,0,0,,0,insufficient_evidence: no five-claim independent accuracy review,resolved_from_wikidata_P2002_with_P6552_qualifier,unresolved,potential original reporter; attribution chain requires item-level review,0,0,0,10,8,0,0,0,18,wikidata_P2002_with_P6552_qualifier; affiliation public-web research; X sample not_attempted_skip_x,not_attempted_skip_x,internal_research_only; runtime_disabled; terms_review_required,eligible_for_research,no,no,not_reviewed; disabled,Candidate retained for comparison: transfers,only 0 public items observed; fewer than 20 relevant items available in the endpoint sample; no deletion history; no relative publication-latency benchmark; historical accuracy component held at zero pending claim verification,handle/affiliation change; inactivity; terms/access change; pilot scope change; material correction or reliability evidence
2026-08-26,,sistoney67,Simon Stone,https://x.com/sistoney67,https://www.bbc.com/sport/football,reporter,Manchester clubs and national football,,,,0,0,0,0,0,0,,0,insufficient_evidence: no five-claim independent accuracy review,needs_identity_review,unresolved,potential original reporter; attribution chain requires item-level review,0,0,0,10,8,0,0,0,18,unresolved; affiliation public-web research; X sample not_attempted_skip_x,not_attempted_skip_x,internal_research_only; runtime_disabled; terms_review_required,needs_identity_review,no,no,not_reviewed; disabled,Candidate retained for comparison: Manchester clubs and national football,only 0 public items observed; fewer than 20 relevant items available in the endpoint sample; no deletion history; no relative publication-latency benchmark; historical accuracy component held at zero pending claim verification,handle/affiliation change; inactivity; terms/access change; pilot scope change; material correction or reliability evidence
2026-08-26,,lauriewhitwell,Laurie Whitwell,https://x.com/lauriewhitwell,https://www.nytimes.com/athletic/author/laurie-whitwell/,reporter,Manchester United,,,,0,0,0,0,0,0,,0,insufficient_evidence: no five-claim independent accuracy review,needs_identity_review,unresolved,potential original reporter; attribution chain requires item-level review,0,0,0,10,8,0,0,0,18,unresolved; affiliation public-web research; X sample not_attempted_skip_x,not_attempted_skip_x,internal_research_only; runtime_disabled; terms_review_required,needs_identity_review,no,no,not_reviewed; disabled,Candidate retained for comparison: Manchester United,only 0 public items observed; fewer than 20 relevant items available in the endpoint sample; no deletion history; no relative publication-latency benchmark; historical accuracy component held at zero pending claim verification,handle/affiliation change; inactivity; terms/access change; pilot scope change; material correction or reliability evidence
2026-08-26,265653022,JamesPearceLFC,James Pearce,https://x.com/JamesPearceLFC,https://www.nytimes.com/athletic/author/james-pearce/,reporter,Liverpool,,,,0,0,0,0,0,0,,0,insufficient_evidence: no five-claim independent accuracy review,resolved_from_wikidata_P2002_with_P6552_qualifier,unresolved,potential original reporter; attribution chain requires item-level review,0,0,0,10,8,0,0,0,18,wikidata_P2002_with_P6552_qualifier; affiliation public-web research; X sample not_attempted_skip_x,not_attempted_skip_x,internal_research_only; runtime_disabled; terms_review_required,eligible_for_research,no,no,not_reviewed; disabled,Candidate retained for comparison: Liverpool,only 0 public items observed; fewer than 20 relevant items available in the endpoint sample; no deletion history; no relative publication-latency benchmark; historical accuracy component held at zero pending claim verification,handle/affiliation change; inactivity; terms/access change; pilot scope change; material correction or reliability evidence
2026-08-26,,_pauljoyce,Paul Joyce,https://x.com/_pauljoyce,https://www.thetimes.com/profile/paul-joyce,reporter,Liverpool and Everton,,,,0,0,0,0,0,0,,0,insufficient_evidence: no five-claim independent accuracy review,needs_identity_review,unresolved,potential original reporter; attribution chain requires item-level review,0,0,0,10,8,0,0,0,18,unresolved; affiliation public-web research; X sample not_attempted_skip_x,not_attempted_skip_x,internal_research_only; runtime_disabled; terms_review_required,needs_identity_review,no,no,not_reviewed; disabled,Candidate retained for comparison: Liverpool and Everton,only 0 public items observed; fewer than 20 relevant items available in the endpoint sample; no deletion history; no relative publication-latency benchmark; historical accuracy component held at zero pending claim verification,handle/affiliation change; inactivity; terms/access change; pilot scope change; material correction or reliability evidence
2026-08-26,,davidlynchlfc,David Lynch,https://x.com/davidlynchlfc,https://davidlynchlfc.co.uk/,reporter,Liverpool,,,,0,0,0,0,0,0,,0,insufficient_evidence: no five-claim independent accuracy review,needs_identity_review,unresolved,potential original reporter; attribution chain requires item-level review,0,0,0,10,8,0,0,0,18,unresolved; affiliation public-web research; X sample not_attempted_skip_x,not_attempted_skip_x,internal_research_only; runtime_disabled; terms_review_required,needs_identity_review,no,no,not_reviewed; disabled,Candidate retained for comparison: Liverpool,only 0 public items observed; fewer than 20 relevant items available in the endpoint sample; no deletion history; no relative publication-latency benchmark; historical accuracy component held at zero pending claim verification,handle/affiliation change; inactivity; terms/access change; pilot scope change; material correction or reliability evidence
2026-08-26,,SamLee,Sam Lee,https://x.com/SamLee,https://www.nytimes.com/athletic/author/sam-lee/,reporter,Manchester City,,,,0,0,0,0,0,0,,0,insufficient_evidence: no five-claim independent accuracy review,needs_identity_review,unresolved,potential original reporter; attribution chain requires item-level review,0,0,0,10,8,0,0,0,18,unresolved; affiliation public-web research; X sample not_attempted_skip_x,not_attempted_skip_x,internal_research_only; runtime_disabled; terms_review_required,needs_identity_review,no,no,not_reviewed; disabled,Candidate retained for comparison: Manchester City,only 0 public items observed; fewer than 20 relevant items available in the endpoint sample; no deletion history; no relative publication-latency benchmark; historical accuracy component held at zero pending claim verification,handle/affiliation change; inactivity; terms/access change; pilot scope change; material correction or reliability evidence
2026-08-26,,Jack_Gaughan,Jack Gaughan,https://x.com/Jack_Gaughan,https://www.dailymail.co.uk/profile-468/jack-gaughan.html,reporter,Manchester City,,,,0,0,0,0,0,0,,0,insufficient_evidence: no five-claim independent accuracy review,needs_identity_review,unresolved,potential original reporter; attribution chain requires item-level review,0,0,0,10,8,0,0,0,18,unresolved; affiliation public-web research; X sample not_attempted_skip_x,not_attempted_skip_x,internal_research_only; runtime_disabled; terms_review_required,needs_identity_review,no,no,not_reviewed; disabled,Candidate retained for comparison: Manchester City,only 0 public items observed; fewer than 20 relevant items available in the endpoint sample; no deletion history; no relative publication-latency benchmark; historical accuracy component held at zero pending claim verification,handle/affiliation change; inactivity; terms/access change; pilot scope change; material correction or reliability evidence
2026-08-26,,liam_twomey,Liam Twomey,https://x.com/liam_twomey,https://muckrack.com/liam-twomey,reporter,Chelsea,,,,0,0,0,0,0,0,,0,insufficient_evidence: no five-claim independent accuracy review,needs_identity_review,unresolved,potential original reporter; attribution chain requires item-level review,0,0,0,10,8,0,0,0,18,unresolved; affiliation public-web research; X sample not_attempted_skip_x,not_attempted_skip_x,internal_research_only; runtime_disabled; terms_review_required,needs_identity_review,yes,no,not_reviewed; disabled,Selected for coverage-constrained shortlist: Chelsea,only 0 public items observed; fewer than 20 relevant items available in the endpoint sample; no deletion history; no relative publication-latency benchmark; historical accuracy component held at zero pending claim verification,handle/affiliation change; inactivity; terms/access change; pilot scope change; material correction or reliability evidence
2026-08-26,,SJohnsonSport,Simon Johnson,https://x.com/SJohnsonSport,https://www.nytimes.com/athletic/author/simon-johnson/,reporter,Chelsea,,,,0,0,0,0,0,0,,0,insufficient_evidence: no five-claim independent accuracy review,needs_identity_review,unresolved,potential original reporter; attribution chain requires item-level review,0,0,0,10,8,0,0,0,18,unresolved; affiliation public-web research; X sample not_attempted_skip_x,not_attempted_skip_x,internal_research_only; runtime_disabled; terms_review_required,needs_identity_review,no,no,not_reviewed; disabled,Candidate retained for comparison: Chelsea,only 0 public items observed; fewer than 20 relevant items available in the endpoint sample; no deletion history; no relative publication-latency benchmark; historical accuracy component held at zero pending claim verification,handle/affiliation change; inactivity; terms/access change; pilot scope change; material correction or reliability evidence
2026-08-26,,charles_watts,Charles Watts,https://x.com/charles_watts,https://www.charleswatts.football/,reporter,Arsenal,,,,0,0,0,0,0,0,,0,insufficient_evidence: no five-claim independent accuracy review,needs_identity_review,unresolved,potential original reporter; attribution chain requires item-level review,0,0,0,10,8,0,0,0,18,unresolved; affiliation public-web research; X sample not_attempted_skip_x,not_attempted_skip_x,internal_research_only; runtime_disabled; terms_review_required,needs_identity_review,no,no,not_reviewed; disabled,Candidate retained for comparison: Arsenal,only 0 public items observed; fewer than 20 relevant items available in the endpoint sample; no deletion history; no relative publication-latency benchmark; historical accuracy component held at zero pending claim verification,handle/affiliation change; inactivity; terms/access change; pilot scope change; material correction or reliability evidence
2026-08-26,,jamesbenge,James Benge,https://x.com/jamesbenge,https://www.cbssports.com/writers/james-benge/,reporter,Arsenal and national football,,,,0,0,0,0,0,0,,0,insufficient_evidence: no five-claim independent accuracy review,needs_identity_review,unresolved,potential original reporter; attribution chain requires item-level review,0,0,0,10,8,0,0,0,18,unresolved; affiliation public-web research; X sample not_attempted_skip_x,not_attempted_skip_x,internal_research_only; runtime_disabled; terms_review_required,needs_identity_review,no,no,not_reviewed; disabled,Candidate retained for comparison: Arsenal and national football,only 0 public items observed; fewer than 20 relevant items available in the endpoint sample; no deletion history; no relative publication-latency benchmark; historical accuracy component held at zero pending claim verification,handle/affiliation change; inactivity; terms/access change; pilot scope change; material correction or reliability evidence
2026-08-26,,J_Tanswell,Jacob Tanswell,https://x.com/J_Tanswell,https://muckrack.com/jacob-tanswell,reporter,Aston Villa,,,,0,0,0,0,0,0,,0,insufficient_evidence: no five-claim independent accuracy review,needs_identity_review,unresolved,potential original reporter; attribution chain requires item-level review,0,0,0,10,8,0,0,0,18,unresolved; affiliation public-web research; X sample not_attempted_skip_x,not_attempted_skip_x,internal_research_only; runtime_disabled; terms_review_required,needs_identity_review,yes,no,not_reviewed; disabled,Selected for coverage-constrained shortlist: Aston Villa,only 0 public items observed; fewer than 20 relevant items available in the endpoint sample; no deletion history; no relative publication-latency benchmark; historical accuracy component held at zero pending claim verification,handle/affiliation change; inactivity; terms/access change; pilot scope change; material correction or reliability evidence
2026-08-26,,JPercyTelegraph,John Percy,https://x.com/JPercyTelegraph,https://www.telegraph.co.uk/authors/j/jo-jz/john-percy/,reporter,Midlands clubs,,,,0,0,0,0,0,0,,0,insufficient_evidence: no five-claim independent accuracy review,needs_identity_review,unresolved,potential original reporter; attribution chain requires item-level review,0,0,0,10,8,0,0,0,18,unresolved; affiliation public-web research; X sample not_attempted_skip_x,not_attempted_skip_x,internal_research_only; runtime_disabled; terms_review_required,needs_identity_review,no,no,not_reviewed; disabled,Candidate retained for comparison: Midlands clubs,only 0 public items observed; fewer than 20 relevant items available in the endpoint sample; no deletion history; no relative publication-latency benchmark; historical accuracy component held at zero pending claim verification,handle/affiliation change; inactivity; terms/access change; pilot scope change; material correction or reliability evidence
2026-08-26,,TomBarclay_,Tom Barclay,https://x.com/TomBarclay_,https://www.thesun.co.uk/author/tom-barclay/,reporter,London clubs,,,,0,0,0,0,0,0,,0,insufficient_evidence: no five-claim independent accuracy review,needs_identity_review,unresolved,potential original reporter; attribution chain requires item-level review,0,0,0,10,8,0,0,0,18,unresolved; affiliation public-web research; X sample not_attempted_skip_x,not_attempted_skip_x,internal_research_only; runtime_disabled; terms_review_required,needs_identity_review,no,no,not_reviewed; disabled,Candidate retained for comparison: London clubs,only 0 public items observed; fewer than 20 relevant items available in the endpoint sample; no deletion history; no relative publication-latency benchmark; historical accuracy component held at zero pending claim verification,handle/affiliation change; inactivity; terms/access change; pilot scope change; material correction or reliability evidence
2026-08-26,,RobDorsettSky,Rob Dorsett,https://x.com/RobDorsettSky,https://www.skysports.com/football,reporter,Midlands clubs,,,,0,0,0,0,0,0,,0,insufficient_evidence: no five-claim independent accuracy review,needs_identity_review,unresolved,potential original reporter; attribution chain requires item-level review,0,0,0,10,8,0,0,0,18,unresolved; affiliation public-web research; X sample not_attempted_skip_x,not_attempted_skip_x,internal_research_only; runtime_disabled; terms_review_required,needs_identity_review,no,no,not_reviewed; disabled,Candidate retained for comparison: Midlands clubs,only 0 public items observed; fewer than 20 relevant items available in the endpoint sample; no deletion history; no relative publication-latency benchmark; historical accuracy component held at zero pending claim verification,handle/affiliation change; inactivity; terms/access change; pilot scope change; material correction or reliability evidence
2026-08-26,,mcgrathmike,Mike McGrath,https://x.com/mcgrathmike,https://www.telegraph.co.uk/authors/m/ma-me/mike-mcgrath/,reporter,transfers and national football,,,,0,0,0,0,0,0,,0,insufficient_evidence: no five-claim independent accuracy review,needs_identity_review,unresolved,potential original reporter; attribution chain requires item-level review,0,0,0,10,8,0,0,0,18,unresolved; affiliation public-web research; X sample not_attempted_skip_x,not_attempted_skip_x,internal_research_only; runtime_disabled; terms_review_required,needs_identity_review,no,no,not_reviewed; disabled,Candidate retained for comparison: transfers and national football,only 0 public items observed; fewer than 20 relevant items available in the endpoint sample; no deletion history; no relative publication-latency benchmark; historical accuracy component held at zero pending claim verification,handle/affiliation change; inactivity; terms/access change; pilot scope change; material correction or reliability evidence
2026-08-26,,NizaarKinsella,Nizaar Kinsella,https://x.com/NizaarKinsella,https://www.bbc.com/sport/football,reporter,Chelsea and London clubs,,,,0,0,0,0,0,0,,0,insufficient_evidence: no five-claim independent accuracy review,needs_identity_review,unresolved,potential original reporter; attribution chain requires item-level review,0,0,0,10,8,0,0,0,18,unresolved; affiliation public-web research; X sample not_attempted_skip_x,not_attempted_skip_x,internal_research_only; runtime_disabled; terms_review_required,needs_identity_review,no,no,not_reviewed; disabled,Candidate retained for comparison: Chelsea and London clubs,only 0 public items observed; fewer than 20 relevant items available in the endpoint sample; no deletion history; no relative publication-latency benchmark; historical accuracy component held at zero pending claim verification,handle/affiliation change; inactivity; terms/access change; pilot scope change; material correction or reliability evidence
2026-08-26,,AlasdairGold,Alasdair Gold,https://x.com/AlasdairGold,https://www.football.london/authors/alasdair-gold/,reporter,Tottenham Hotspur,,,,0,0,0,0,0,0,,0,insufficient_evidence: no five-claim independent accuracy review,needs_identity_review,unresolved,potential original reporter; attribution chain requires item-level review,0,0,0,10,8,0,0,0,18,unresolved; affiliation public-web research; X sample not_attempted_skip_x,not_attempted_skip_x,internal_research_only; runtime_disabled; terms_review_required,needs_identity_review,no,no,not_reviewed; disabled,Candidate retained for comparison: Tottenham Hotspur,only 0 public items observed; fewer than 20 relevant items available in the endpoint sample; no deletion history; no relative publication-latency benchmark; historical accuracy component held at zero pending claim verification,handle/affiliation change; inactivity; terms/access change; pilot scope change; material correction or reliability evidence
2026-08-26,,GeorgeCaulkin,George Caulkin,https://x.com/GeorgeCaulkin,https://www.nytimes.com/athletic/author/george-caulkin/,reporter,Newcastle United,,,,0,0,0,0,0,0,,0,insufficient_evidence: no five-claim independent accuracy review,needs_identity_review,unresolved,potential original reporter; attribution chain requires item-level review,0,0,0,10,8,0,0,0,18,unresolved; affiliation public-web research; X sample not_attempted_skip_x,not_attempted_skip_x,internal_research_only; runtime_disabled; terms_review_required,needs_identity_review,no,no,not_reviewed; disabled,Candidate retained for comparison: Newcastle United,only 0 public items observed; fewer than 20 relevant items available in the endpoint sample; no deletion history; no relative publication-latency benchmark; historical accuracy component held at zero pending claim verification,handle/affiliation change; inactivity; terms/access change; pilot scope change; material correction or reliability evidence
2026-08-26,,ChrisDHWaugh,Chris Waugh,https://x.com/ChrisDHWaugh,https://www.nytimes.com/athletic/author/chris-waugh/,reporter,Newcastle United,,,,0,0,0,0,0,0,,0,insufficient_evidence: no five-claim independent accuracy review,needs_identity_review,unresolved,potential original reporter; attribution chain requires item-level review,0,0,0,10,8,0,0,0,18,unresolved; affiliation public-web research; X sample not_attempted_skip_x,not_attempted_skip_x,internal_research_only; runtime_disabled; terms_review_required,needs_identity_review,no,no,not_reviewed; disabled,Candidate retained for comparison: Newcastle United,only 0 public items observed; fewer than 20 relevant items available in the endpoint sample; no deletion history; no relative publication-latency benchmark; historical accuracy component held at zero pending claim verification,handle/affiliation change; inactivity; terms/access change; pilot scope change; material correction or reliability evidence
2026-08-26,,AndyNaylorBHAFC,Andy Naylor,https://x.com/AndyNaylorBHAFC,https://muckrack.com/andy-naylor,reporter,Brighton,,,,0,0,0,0,0,0,,0,insufficient_evidence: no five-claim independent accuracy review,needs_identity_review,unresolved,potential original reporter; attribution chain requires item-level review,0,0,0,10,8,0,0,0,18,unresolved; affiliation public-web research; X sample not_attempted_skip_x,not_attempted_skip_x,internal_research_only; runtime_disabled; terms_review_required,needs_identity_review,yes,no,not_reviewed; disabled,Selected for coverage-constrained shortlist: Brighton,only 0 public items observed; fewer than 20 relevant items available in the endpoint sample; no deletion history; no relative publication-latency benchmark; historical accuracy component held at zero pending claim verification,handle/affiliation change; inactivity; terms/access change; pilot scope change; material correction or reliability evidence
2026-08-26,,PhilHay_,Phil Hay,https://x.com/PhilHay_,https://www.nytimes.com/athletic/author/phil-hay/,reporter,Leeds United,,,,0,0,0,0,0,0,,0,insufficient_evidence: no five-claim independent accuracy review,needs_identity_review,unresolved,potential original reporter; attribution chain requires item-level review,0,0,0,10,8,0,0,0,18,unresolved; affiliation public-web research; X sample not_attempted_skip_x,not_attempted_skip_x,internal_research_only; runtime_disabled; terms_review_required,needs_identity_review,no,no,not_reviewed; disabled,Candidate retained for comparison: Leeds United,only 0 public items observed; fewer than 20 relevant items available in the endpoint sample; no deletion history; no relative publication-latency benchmark; historical accuracy component held at zero pending claim verification,handle/affiliation change; inactivity; terms/access change; pilot scope change; material correction or reliability evidence
2026-08-26,,AdamLeventhal,Adam Leventhal,https://x.com/AdamLeventhal,https://www.nytimes.com/athletic/author/adam-leventhal/,reporter,Watford and football,,,,0,0,0,0,0,0,,0,insufficient_evidence: no five-claim independent accuracy review,needs_identity_review,unresolved,potential original reporter; attribution chain requires item-level review,0,0,0,10,8,0,0,0,18,unresolved; affiliation public-web research; X sample not_attempted_skip_x,not_attempted_skip_x,internal_research_only; runtime_disabled; terms_review_required,needs_identity_review,no,no,not_reviewed; disabled,Candidate retained for comparison: Watford and football,only 0 public items observed; fewer than 20 relevant items available in the endpoint sample; no deletion history; no relative publication-latency benchmark; historical accuracy component held at zero pending claim verification,handle/affiliation change; inactivity; terms/access change; pilot scope change; material correction or reliability evidence
2026-08-26,,peterrutzler,Peter Rutzler,https://x.com/peterrutzler,https://muckrack.com/peter-rutzler,reporter,London and national football,,,,0,0,0,0,0,0,,0,insufficient_evidence: no five-claim independent accuracy review,needs_identity_review,unresolved,potential original reporter; attribution chain requires item-level review,0,0,0,10,8,0,0,0,18,unresolved; affiliation public-web research; X sample not_attempted_skip_x,not_attempted_skip_x,internal_research_only; runtime_disabled; terms_review_required,needs_identity_review,no,no,not_reviewed; disabled,Candidate retained for comparison: London and national football,only 0 public items observed; fewer than 20 relevant items available in the endpoint sample; no deletion history; no relative publication-latency benchmark; historical accuracy component held at zero pending claim verification,handle/affiliation change; inactivity; terms/access change; pilot scope change; material correction or reliability evidence
2026-08-26,,jackellyffc,Jack Kelly,https://x.com/jackellyffc,https://www.fulhamsupporterstrust.com/news/2026/08/fulham-fan-media-a-directory/,reporter,Fulham,,,,0,0,0,0,0,0,,0,insufficient_evidence: no five-claim independent accuracy review,needs_identity_review,unresolved,potential original reporter; attribution chain requires item-level review,0,0,0,10,8,0,0,0,18,unresolved; affiliation public-web research; X sample not_attempted_skip_x,not_attempted_skip_x,internal_research_only; runtime_disabled; terms_review_required,needs_identity_review,yes,no,not_reviewed; disabled,Selected for coverage-constrained shortlist: Fulham,only 0 public items observed; fewer than 20 relevant items available in the endpoint sample; no deletion history; no relative publication-latency benchmark; historical accuracy component held at zero pending claim verification,handle/affiliation change; inactivity; terms/access change; pilot scope change; material correction or reliability evidence
2026-08-26,,SteveMadeley78,Steve Madeley,https://x.com/SteveMadeley78,https://www.nytimes.com/athletic/author/steve-madeley/,reporter,Midlands clubs,,,,0,0,0,0,0,0,,0,insufficient_evidence: no five-claim independent accuracy review,needs_identity_review,unresolved,potential original reporter; attribution chain requires item-level review,0,0,0,10,8,0,0,0,18,unresolved; affiliation public-web research; X sample not_attempted_skip_x,not_attempted_skip_x,internal_research_only; runtime_disabled; terms_review_required,needs_identity_review,no,no,not_reviewed; disabled,Candidate retained for comparison: Midlands clubs,only 0 public items observed; fewer than 20 relevant items available in the endpoint sample; no deletion history; no relative publication-latency benchmark; historical accuracy component held at zero pending claim verification,handle/affiliation change; inactivity; terms/access change; pilot scope change; material correction or reliability evidence
2026-08-26,,greggevans40,Gregg Evans,https://x.com/greggevans40,https://www.nytimes.com/athletic/author/gregg-evans/,reporter,Aston Villa and Liverpool,,,,0,0,0,0,0,0,,0,insufficient_evidence: no five-claim independent accuracy review,needs_identity_review,unresolved,potential original reporter; attribution chain requires item-level review,0,0,0,10,8,0,0,0,18,unresolved; affiliation public-web research; X sample not_attempted_skip_x,not_attempted_skip_x,internal_research_only; runtime_disabled; terms_review_required,needs_identity_review,no,no,not_reviewed; disabled,Candidate retained for comparison: Aston Villa and Liverpool,only 0 public items observed; fewer than 20 relevant items available in the endpoint sample; no deletion history; no relative publication-latency benchmark; historical accuracy component held at zero pending claim verification,handle/affiliation change; inactivity; terms/access change; pilot scope change; material correction or reliability evidence
2026-08-26,,TimSpiers,Tim Spiers,https://x.com/TimSpiers,https://www.nytimes.com/athletic/author/tim-spiers/,reporter,national football,,,,0,0,0,0,0,0,,0,insufficient_evidence: no five-claim independent accuracy review,needs_identity_review,unresolved,potential original reporter; attribution chain requires item-level review,0,0,0,10,8,0,0,0,18,unresolved; affiliation public-web research; X sample not_attempted_skip_x,not_attempted_skip_x,internal_research_only; runtime_disabled; terms_review_required,needs_identity_review,no,no,not_reviewed; disabled,Candidate retained for comparison: national football,only 0 public items observed; fewer than 20 relevant items available in the endpoint sample; no deletion history; no relative publication-latency benchmark; historical accuracy component held at zero pending claim verification,handle/affiliation change; inactivity; terms/access change; pilot scope change; material correction or reliability evidence
2026-08-26,,markmcadamtv,Mark McAdam,https://x.com/markmcadamtv,https://www.skysports.com/football,reporter,Bournemouth and south coast,,,,0,0,0,0,0,0,,0,insufficient_evidence: no five-claim independent accuracy review,needs_identity_review,unresolved,potential original reporter; attribution chain requires item-level review,0,0,0,10,8,0,0,0,18,unresolved; affiliation public-web research; X sample not_attempted_skip_x,not_attempted_skip_x,internal_research_only; runtime_disabled; terms_review_required,needs_identity_review,no,no,not_reviewed; disabled,Candidate retained for comparison: Bournemouth and south coast,only 0 public items observed; fewer than 20 relevant items available in the endpoint sample; no deletion history; no relative publication-latency benchmark; historical accuracy component held at zero pending claim verification,handle/affiliation change; inactivity; terms/access change; pilot scope change; material correction or reliability evidence
2026-08-26,,MattWoosie,Matt Woosnam,https://x.com/MattWoosie,https://muckrack.com/matt-woosnam,reporter,Crystal Palace,,,,0,0,0,0,0,0,,0,insufficient_evidence: no five-claim independent accuracy review,needs_identity_review,unresolved,potential original reporter; attribution chain requires item-level review,0,0,0,10,8,0,0,0,18,unresolved; affiliation public-web research; X sample not_attempted_skip_x,not_attempted_skip_x,internal_research_only; runtime_disabled; terms_review_required,needs_identity_review,yes,no,not_reviewed; disabled,Selected for coverage-constrained shortlist: Crystal Palace,only 0 public items observed; fewer than 20 relevant items available in the endpoint sample; no deletion history; no relative publication-latency benchmark; historical accuracy component held at zero pending claim verification,handle/affiliation change; inactivity; terms/access change; pilot scope change; material correction or reliability evidence
2026-08-26,,Paddy_Boyland,Patrick Boyland,https://x.com/Paddy_Boyland,https://muckrack.com/patrick-boyland-1,reporter,Everton,,,,0,0,0,0,0,0,,0,insufficient_evidence: no five-claim independent accuracy review,needs_identity_review,unresolved,potential original reporter; attribution chain requires item-level review,0,0,0,10,8,0,0,0,18,unresolved; affiliation public-web research; X sample not_attempted_skip_x,not_attempted_skip_x,internal_research_only; runtime_disabled; terms_review_required,needs_identity_review,yes,no,not_reviewed; disabled,Selected for coverage-constrained shortlist: Everton,only 0 public items observed; fewer than 20 relevant items available in the endpoint sample; no deletion history; no relative publication-latency benchmark; historical accuracy component held at zero pending claim verification,handle/affiliation change; inactivity; terms/access change; pilot scope change; material correction or reliability evidence
2026-08-26,,jaydmharris,Jay Harris,https://x.com/jaydmharris,https://www.nytimes.com/athletic/author/jay-harris/,reporter,Tottenham Hotspur,,,,0,0,0,0,0,0,,0,insufficient_evidence: no five-claim independent accuracy review,needs_identity_review,unresolved,potential original reporter; attribution chain requires item-level review,0,0,0,10,8,0,0,0,18,unresolved; affiliation public-web research; X sample not_attempted_skip_x,not_attempted_skip_x,internal_research_only; runtime_disabled; terms_review_required,needs_identity_review,no,no,not_reviewed; disabled,Candidate retained for comparison: Tottenham Hotspur,only 0 public items observed; fewer than 20 relevant items available in the endpoint sample; no deletion history; no relative publication-latency benchmark; historical accuracy component held at zero pending claim verification,handle/affiliation change; inactivity; terms/access change; pilot scope change; material correction or reliability evidence
2026-08-26,,nottmtails,Paul Taylor,https://x.com/nottmtails,https://www.nytimes.com/athletic/author/paul-taylor/,reporter,Nottingham Forest,,,,0,0,0,0,0,0,,0,insufficient_evidence: no five-claim independent accuracy review,needs_identity_review,unresolved,potential original reporter; attribution chain requires item-level review,0,0,0,10,8,0,0,0,18,unresolved; affiliation public-web research; X sample not_attempted_skip_x,not_attempted_skip_x,internal_research_only; runtime_disabled; terms_review_required,needs_identity_review,no,no,not_reviewed; disabled,Candidate retained for comparison: Nottingham Forest,only 0 public items observed; fewer than 20 relevant items available in the endpoint sample; no deletion history; no relative publication-latency benchmark; historical accuracy component held at zero pending claim verification,handle/affiliation change; inactivity; terms/access change; pilot scope change; material correction or reliability evidence
2026-08-26,,AndyTurnerccfc,Andy Turner,https://x.com/AndyTurnerccfc,https://muckrack.com/andy-turner,reporter,Coventry City,,,,0,0,0,0,0,0,,0,insufficient_evidence: no five-claim independent accuracy review,needs_identity_review,unresolved,potential original reporter; attribution chain requires item-level review,0,0,0,10,8,0,0,0,18,unresolved; affiliation public-web research; X sample not_attempted_skip_x,not_attempted_skip_x,internal_research_only; runtime_disabled; terms_review_required,needs_identity_review,yes,no,not_reviewed; disabled,Selected for coverage-constrained shortlist: Coventry City,only 0 public items observed; fewer than 20 relevant items available in the endpoint sample; no deletion history; no relative publication-latency benchmark; historical accuracy component held at zero pending claim verification,handle/affiliation change; inactivity; terms/access change; pilot scope change; material correction or reliability evidence
2026-08-26,,bazdjcooper,Barry Cooper,https://x.com/bazdjcooper,https://muckrack.com/baz-cooper,reporter,Hull City,,,,0,0,0,0,0,0,,0,insufficient_evidence: no five-claim independent accuracy review,needs_identity_review,unresolved,potential original reporter; attribution chain requires item-level review,0,0,0,10,8,0,0,0,18,unresolved; affiliation public-web research; X sample not_attempted_skip_x,not_attempted_skip_x,internal_research_only; runtime_disabled; terms_review_required,needs_identity_review,yes,no,not_reviewed; disabled,Selected for coverage-constrained shortlist: Hull City,only 0 public items observed; fewer than 20 relevant items available in the endpoint sample; no deletion history; no relative publication-latency benchmark; historical accuracy component held at zero pending claim verification,handle/affiliation change; inactivity; terms/access change; pilot scope change; material correction or reliability evidence
2026-08-26,,Stuart_Watson,Stuart Watson,https://x.com/Stuart_Watson,https://muckrack.com/stuartwatson,reporter,Ipswich Town,,,,0,0,0,0,0,0,,0,insufficient_evidence: no five-claim independent accuracy review,needs_identity_review,unresolved,potential original reporter; attribution chain requires item-level review,0,0,0,10,8,0,0,0,18,unresolved; affiliation public-web research; X sample not_attempted_skip_x,not_attempted_skip_x,internal_research_only; runtime_disabled; terms_review_required,needs_identity_review,yes,no,not_reviewed; disabled,Selected for coverage-constrained shortlist: Ipswich Town,only 0 public items observed; fewer than 20 relevant items available in the endpoint sample; no deletion history; no relative publication-latency benchmark; historical accuracy component held at zero pending claim verification,handle/affiliation change; inactivity; terms/access change; pilot scope change; material correction or reliability evidence
2026-08-26,,Phil__Smith,Phil Smith,https://x.com/Phil__Smith,https://muckrack.com/phil-smith,reporter,Sunderland,,,,0,0,0,0,0,0,,0,insufficient_evidence: no five-claim independent accuracy review,needs_identity_review,unresolved,potential original reporter; attribution chain requires item-level review,0,0,0,10,8,0,0,0,18,unresolved; affiliation public-web research; X sample not_attempted_skip_x,not_attempted_skip_x,internal_research_only; runtime_disabled; terms_review_required,needs_identity_review,yes,no,not_reviewed; disabled,Selected for coverage-constrained shortlist: Sunderland,only 0 public items observed; fewer than 20 relevant items available in the endpoint sample; no deletion history; no relative publication-latency benchmark; historical accuracy component held at zero pending claim verification,handle/affiliation change; inactivity; terms/access change; pilot scope change; material correction or reliability evidence
2026-08-26,,TomCrockerEcho,Tom Crocker,https://x.com/TomCrockerEcho,https://cherriesontop.counterpress.media/about,reporter,Bournemouth,,,,0,0,0,0,0,0,,0,insufficient_evidence: no five-claim independent accuracy review,needs_identity_review,unresolved,potential original reporter; attribution chain requires item-level review,0,0,0,10,8,0,0,0,18,unresolved; affiliation public-web research; X sample not_attempted_skip_x,not_attempted_skip_x,internal_research_only; runtime_disabled; terms_review_required,needs_identity_review,yes,no,not_reviewed; disabled,Selected for coverage-constrained shortlist: Bournemouth,only 0 public items observed; fewer than 20 relevant items available in the endpoint sample; no deletion history; no relative publication-latency benchmark; historical accuracy component held at zero pending claim verification,handle/affiliation change; inactivity; terms/access change; pilot scope change; material correction or reliability evidence
2026-08-26,,SamiMokbel81_DM,Sami Mokbel,https://x.com/SamiMokbel81_DM,https://www.dailymail.co.uk/profile-240/sami-mokbel.html,reporter,national football,,,,0,0,0,0,0,0,,0,insufficient_evidence: no five-claim independent accuracy review,needs_identity_review,unresolved,potential original reporter; attribution chain requires item-level review,0,0,0,10,8,0,0,0,18,unresolved; affiliation public-web research; X sample not_attempted_skip_x,not_attempted_skip_x,internal_research_only; runtime_disabled; terms_review_required,needs_identity_review,no,no,not_reviewed; disabled,Candidate retained for comparison: national football,only 0 public items observed; fewer than 20 relevant items available in the endpoint sample; no deletion history; no relative publication-latency benchmark; historical accuracy component held at zero pending claim verification,handle/affiliation change; inactivity; terms/access change; pilot scope change; material correction or reliability evidence
2026-08-26,,BenDinnery,Ben Dinnery,https://x.com/BenDinnery,https://www.premierinjuries.com/expert/ben-dinnery,availability_specialist,availability and injuries,,,,0,0,0,0,0,0,,0,insufficient_evidence: no five-claim independent accuracy review,needs_identity_review,unresolved,specialist synthesis; likely correlated with press conferences and club sources,0,0,0,7,7,0,0,0,14,unresolved; affiliation public-web research; X sample not_attempted_skip_x,not_attempted_skip_x,internal_research_only; runtime_disabled; terms_review_required,needs_identity_review,yes,candidate_for_FPL-80_review,not_reviewed; disabled,Selected for coverage-constrained shortlist: availability and injuries,only 0 public items observed; fewer than 20 relevant items available in the endpoint sample; no deletion history; no relative publication-latency benchmark; historical accuracy component held at zero pending claim verification,handle/affiliation change; inactivity; terms/access change; pilot scope change; material correction or reliability evidence
2026-08-26,,PremierInjuries,Premier Injuries,https://x.com/PremierInjuries,https://www.premierinjuries.com/,availability_specialist,availability and injuries,,,,0,0,0,0,0,0,,0,insufficient_evidence: no five-claim independent accuracy review,needs_identity_review,unresolved,specialist synthesis; likely correlated with press conferences and club sources,0,0,0,7,7,0,0,0,14,unresolved; affiliation public-web research; X sample not_attempted_skip_x,not_attempted_skip_x,internal_research_only; runtime_disabled; terms_review_required,needs_identity_review,yes,no,not_reviewed; disabled,Selected for coverage-constrained shortlist: availability and injuries,only 0 public items observed; fewer than 20 relevant items available in the endpoint sample; no deletion history; no relative publication-latency benchmark; historical accuracy component held at zero pending claim verification,handle/affiliation change; inactivity; terms/access change; pilot scope change; material correction or reliability evidence
2026-08-26,,physioroom,PhysioRoom,https://x.com/physioroom,https://www.physioroom.com/,availability_specialist,availability and injuries,,,,0,0,0,0,0,0,,0,insufficient_evidence: no five-claim independent accuracy review,needs_identity_review,unresolved,specialist synthesis; likely correlated with press conferences and club sources,0,0,0,7,7,0,0,0,14,unresolved; affiliation public-web research; X sample not_attempted_skip_x,not_attempted_skip_x,internal_research_only; runtime_disabled; terms_review_required,needs_identity_review,yes,no,not_reviewed; disabled,Selected for coverage-constrained shortlist: availability and injuries,only 0 public items observed; fewer than 20 relevant items available in the endpoint sample; no deletion history; no relative publication-latency benchmark; historical accuracy component held at zero pending claim verification,handle/affiliation change; inactivity; terms/access change; pilot scope change; material correction or reliability evidence
2026-08-26,,Teamnewsandtix,Team News and Ticks,https://x.com/Teamnewsandtix,https://x.com/Teamnewsandtix,availability_specialist,team news and lineups,,,,0,0,0,0,0,0,,0,insufficient_evidence: no five-claim independent accuracy review,needs_identity_review,unresolved,specialist synthesis; likely correlated with press conferences and club sources,0,0,0,7,7,0,0,0,14,unresolved; affiliation public-web research; X sample not_attempted_skip_x,not_attempted_skip_x,internal_research_only; runtime_disabled; terms_review_required,needs_identity_review,yes,no,not_reviewed; disabled,Selected for coverage-constrained shortlist: team news and lineups,only 0 public items observed; fewer than 20 relevant items available in the endpoint sample; no deletion history; no relative publication-latency benchmark; historical accuracy component held at zero pending claim verification,handle/affiliation change; inactivity; terms/access change; pilot scope change; material correction or reliability evidence
2026-08-26,,fplstatus,FPL Status,https://x.com/fplstatus,https://www.fplstatus.com/,availability_specialist,availability and price status,,,,0,0,0,0,0,0,,0,insufficient_evidence: no five-claim independent accuracy review,needs_identity_review,unresolved,specialist synthesis; likely correlated with press conferences and club sources,0,0,0,7,7,0,0,0,14,unresolved; affiliation public-web research; X sample not_attempted_skip_x,not_attempted_skip_x,internal_research_only; runtime_disabled; terms_review_required,needs_identity_review,yes,no,not_reviewed; disabled,Selected for coverage-constrained shortlist: availability and price status,only 0 public items observed; fewer than 20 relevant items available in the endpoint sample; no deletion history; no relative publication-latency benchmark; historical accuracy component held at zero pending claim verification,handle/affiliation change; inactivity; terms/access change; pilot scope change; material correction or reliability evidence
2026-08-26,,fplstatistics,FPL Statistics,https://x.com/fplstatistics,https://www.fplstatistics.com/,availability_specialist,price changes,,,,0,0,0,0,0,0,,0,insufficient_evidence: no five-claim independent accuracy review,needs_identity_review,unresolved,specialist synthesis; likely correlated with press conferences and club sources,0,0,0,7,7,0,0,0,14,unresolved; affiliation public-web research; X sample not_attempted_skip_x,not_attempted_skip_x,internal_research_only; runtime_disabled; terms_review_required,needs_identity_review,no,no,not_reviewed; disabled,Candidate retained for comparison: price changes,only 0 public items observed; fewer than 20 relevant items available in the endpoint sample; no deletion history; no relative publication-latency benchmark; historical accuracy component held at zero pending claim verification,handle/affiliation change; inactivity; terms/access change; pilot scope change; material correction or reliability evidence
2026-08-26,,FPLPriceChanges,FPL Price Changes,https://x.com/FPLPriceChanges,https://x.com/FPLPriceChanges,availability_specialist,price changes,,,,0,0,0,0,0,0,,0,insufficient_evidence: no five-claim independent accuracy review,needs_identity_review,unresolved,specialist synthesis; likely correlated with press conferences and club sources,0,0,0,7,7,0,0,0,14,unresolved; affiliation public-web research; X sample not_attempted_skip_x,not_attempted_skip_x,internal_research_only; runtime_disabled; terms_review_required,needs_identity_review,no,no,not_reviewed; disabled,Candidate retained for comparison: price changes,only 0 public items observed; fewer than 20 relevant items available in the endpoint sample; no deletion history; no relative publication-latency benchmark; historical accuracy component held at zero pending claim verification,handle/affiliation change; inactivity; terms/access change; pilot scope change; material correction or reliability evidence
2026-08-26,,FFScoutLuke,FFScout Luke,https://x.com/FFScoutLuke,https://www.fantasyfootballscout.co.uk/,availability_specialist,team news and press conferences,,,,0,0,0,0,0,0,,0,insufficient_evidence: no five-claim independent accuracy review,needs_identity_review,unresolved,specialist synthesis; likely correlated with press conferences and club sources,0,0,0,7,7,0,0,0,14,unresolved; affiliation public-web research; X sample not_attempted_skip_x,not_attempted_skip_x,internal_research_only; runtime_disabled; terms_review_required,needs_identity_review,no,no,not_reviewed; disabled,Candidate retained for comparison: team news and press conferences,only 0 public items observed; fewer than 20 relevant items available in the endpoint sample; no deletion history; no relative publication-latency benchmark; historical accuracy component held at zero pending claim verification,handle/affiliation change; inactivity; terms/access change; pilot scope change; material correction or reliability evidence
2026-08-26,,Jumpthewave,Jump The Wave,https://x.com/Jumpthewave,https://x.com/Jumpthewave,availability_specialist,predicted lineups,,,,0,0,0,0,0,0,,0,insufficient_evidence: no five-claim independent accuracy review,needs_identity_review,unresolved,specialist synthesis; likely correlated with press conferences and club sources,0,0,0,7,7,0,0,0,14,unresolved; affiliation public-web research; X sample not_attempted_skip_x,not_attempted_skip_x,internal_research_only; runtime_disabled; terms_review_required,needs_identity_review,no,no,not_reviewed; disabled,Candidate retained for comparison: predicted lineups,only 0 public items observed; fewer than 20 relevant items available in the endpoint sample; no deletion history; no relative publication-latency benchmark; historical accuracy component held at zero pending claim verification,handle/affiliation change; inactivity; terms/access change; pilot scope change; material correction or reliability evidence
2026-08-26,,FPL_Rockstar,FPL Rockstar,https://x.com/FPL_Rockstar,https://x.com/FPL_Rockstar,availability_specialist,early lineups,,,,0,0,0,0,0,0,,0,insufficient_evidence: no five-claim independent accuracy review,needs_identity_review,unresolved,specialist synthesis; likely correlated with press conferences and club sources,0,0,0,7,7,0,0,0,14,unresolved; affiliation public-web research; X sample not_attempted_skip_x,not_attempted_skip_x,internal_research_only; runtime_disabled; terms_review_required,needs_identity_review,no,no,not_reviewed; disabled,Candidate retained for comparison: early lineups,only 0 public items observed; fewer than 20 relevant items available in the endpoint sample; no deletion history; no relative publication-latency benchmark; historical accuracy component held at zero pending claim verification,handle/affiliation change; inactivity; terms/access change; pilot scope change; material correction or reliability evidence
2026-08-26,,OddsOnFPL,OddsOn FPL,https://x.com/OddsOnFPL,https://x.com/OddsOnFPL,availability_specialist,odds and projected availability,,,,0,0,0,0,0,0,,0,insufficient_evidence: no five-claim independent accuracy review,needs_identity_review,unresolved,specialist synthesis; likely correlated with press conferences and club sources,0,0,0,7,7,0,0,0,14,unresolved; affiliation public-web research; X sample not_attempted_skip_x,not_attempted_skip_x,internal_research_only; runtime_disabled; terms_review_required,needs_identity_review,no,no,not_reviewed; disabled,Candidate retained for comparison: odds and projected availability,only 0 public items observed; fewer than 20 relevant items available in the endpoint sample; no deletion history; no relative publication-latency benchmark; historical accuracy component held at zero pending claim verification,handle/affiliation change; inactivity; terms/access change; pilot scope change; material correction or reliability evidence
2026-08-26,,unitfootball,Unit Football,https://x.com/unitfootball,https://x.com/unitfootball,availability_specialist,lineup and football data,,,,0,0,0,0,0,0,,0,insufficient_evidence: no five-claim independent accuracy review,needs_identity_review,unresolved,specialist synthesis; likely correlated with press conferences and club sources,0,0,0,7,7,0,0,0,14,unresolved; affiliation public-web research; X sample not_attempted_skip_x,not_attempted_skip_x,internal_research_only; runtime_disabled; terms_review_required,needs_identity_review,no,no,not_reviewed; disabled,Candidate retained for comparison: lineup and football data,only 0 public items observed; fewer than 20 relevant items available in the endpoint sample; no deletion history; no relative publication-latency benchmark; historical accuracy component held at zero pending claim verification,handle/affiliation change; inactivity; terms/access change; pilot scope change; material correction or reliability evidence
2026-08-26,,FPLAlerts,FPL Alerts,https://x.com/FPLAlerts,https://x.com/FPLAlerts,availability_specialist,lineups and price changes,,,,0,0,0,0,0,0,,0,insufficient_evidence: no five-claim independent accuracy review,needs_identity_review,unresolved,specialist synthesis; likely correlated with press conferences and club sources,0,0,0,7,7,0,0,0,14,unresolved; affiliation public-web research; X sample not_attempted_skip_x,not_attempted_skip_x,internal_research_only; runtime_disabled; terms_review_required,needs_identity_review,no,no,not_reviewed; disabled,Candidate retained for comparison: lineups and price changes,only 0 public items observed; fewer than 20 relevant items available in the endpoint sample; no deletion history; no relative publication-latency benchmark; historical accuracy component held at zero pending claim verification,handle/affiliation change; inactivity; terms/access change; pilot scope change; material correction or reliability evidence
2026-08-26,,FFScout,Fantasy Football Scout,https://x.com/FFScout,https://www.fantasyfootballscout.co.uk/,fpl_creator,FPL analysis and team news,,,,0,0,0,0,0,0,,0,insufficient_evidence: no five-claim independent accuracy review,needs_identity_review,unresolved,analysis/creator; not a primary factual source,0,0,0,5,6,0,0,0,11,unresolved; affiliation public-web research; X sample not_attempted_skip_x,not_attempted_skip_x,internal_research_only; runtime_disabled; terms_review_required,needs_identity_review,yes,candidate_for_FPL-80_review,not_reviewed; disabled,Selected for coverage-constrained shortlist: FPL analysis and team news,only 0 public items observed; fewer than 20 relevant items available in the endpoint sample; no deletion history; no relative publication-latency benchmark; historical accuracy component held at zero pending claim verification,handle/affiliation change; inactivity; terms/access change; pilot scope change; material correction or reliability evidence
2026-08-26,,FantasyFootyFix,Fantasy Football Fix,https://x.com/FantasyFootyFix,https://www.fantasyfootballfix.com/,fpl_creator,FPL models and analysis,,,,0,0,0,0,0,0,,0,insufficient_evidence: no five-claim independent accuracy review,needs_identity_review,unresolved,analysis/creator; not a primary factual source,0,0,0,5,6,0,0,0,11,unresolved; affiliation public-web research; X sample not_attempted_skip_x,not_attempted_skip_x,internal_research_only; runtime_disabled; terms_review_required,needs_identity_review,no,no,not_reviewed; disabled,Candidate retained for comparison: FPL models and analysis,only 0 public items observed; fewer than 20 relevant items available in the endpoint sample; no deletion history; no relative publication-latency benchmark; historical accuracy component held at zero pending claim verification,handle/affiliation change; inactivity; terms/access change; pilot scope change; material correction or reliability evidence
2026-08-26,,FFH_HQ,Fantasy Football Hub,https://x.com/FFH_HQ,https://www.fantasyfootballhub.co.uk/,fpl_creator,FPL models and analysis,,,,0,0,0,0,0,0,,0,insufficient_evidence: no five-claim independent accuracy review,needs_identity_review,unresolved,analysis/creator; not a primary factual source,0,0,0,5,6,0,0,0,11,unresolved; affiliation public-web research; X sample not_attempted_skip_x,not_attempted_skip_x,internal_research_only; runtime_disabled; terms_review_required,needs_identity_review,no,no,not_reviewed; disabled,Candidate retained for comparison: FPL models and analysis,only 0 public items observed; fewer than 20 relevant items available in the endpoint sample; no deletion history; no relative publication-latency benchmark; historical accuracy component held at zero pending claim verification,handle/affiliation change; inactivity; terms/access change; pilot scope change; material correction or reliability evidence
2026-08-26,,LiveFPLnet,LiveFPL,https://x.com/LiveFPLnet,https://www.livefpl.net/,fpl_creator,live rank and FPL data,,,,0,0,0,0,0,0,,0,insufficient_evidence: no five-claim independent accuracy review,needs_identity_review,unresolved,analysis/creator; not a primary factual source,0,0,0,5,6,0,0,0,11,unresolved; affiliation public-web research; X sample not_attempted_skip_x,not_attempted_skip_x,internal_research_only; runtime_disabled; terms_review_required,needs_identity_review,yes,candidate_for_FPL-80_review,not_reviewed; disabled,Selected for coverage-constrained shortlist: live rank and FPL data,only 0 public items observed; fewer than 20 relevant items available in the endpoint sample; no deletion history; no relative publication-latency benchmark; historical accuracy component held at zero pending claim verification,handle/affiliation change; inactivity; terms/access change; pilot scope change; material correction or reliability evidence
2026-08-26,,fplreview,FPL Review,https://x.com/fplreview,https://fplreview.com/,fpl_creator,FPL projections,,,,0,0,0,0,0,0,,0,insufficient_evidence: no five-claim independent accuracy review,needs_identity_review,unresolved,analysis/creator; not a primary factual source,0,0,0,5,6,0,0,0,11,unresolved; affiliation public-web research; X sample not_attempted_skip_x,not_attempted_skip_x,internal_research_only; runtime_disabled; terms_review_required,needs_identity_review,yes,candidate_for_FPL-80_review,not_reviewed; disabled,Selected for coverage-constrained shortlist: FPL projections,only 0 public items observed; fewer than 20 relevant items available in the endpoint sample; no deletion history; no relative publication-latency benchmark; historical accuracy component held at zero pending claim verification,handle/affiliation change; inactivity; terms/access change; pilot scope change; material correction or reliability evidence
2026-08-26,,TheFPLWire,The FPL Wire,https://x.com/TheFPLWire,https://www.youtube.com/@TheFPLWire,fpl_creator,FPL analysis podcast,,,,0,0,0,0,0,0,,0,insufficient_evidence: no five-claim independent accuracy review,needs_identity_review,unresolved,analysis/creator; not a primary factual source,0,0,0,5,6,0,0,0,11,unresolved; affiliation public-web research; X sample not_attempted_skip_x,not_attempted_skip_x,internal_research_only; runtime_disabled; terms_review_required,needs_identity_review,yes,candidate_for_FPL-80_review,not_reviewed; disabled,Selected for coverage-constrained shortlist: FPL analysis podcast,only 0 public items observed; fewer than 20 relevant items available in the endpoint sample; no deletion history; no relative publication-latency benchmark; historical accuracy component held at zero pending claim verification,handle/affiliation change; inactivity; terms/access change; pilot scope change; material correction or reliability evidence
2026-08-26,,FPLGeneral,FPL General,https://x.com/FPLGeneral,https://linktr.ee/fplgeneral,fpl_creator,FPL analysis,,,,0,0,0,0,0,0,,0,insufficient_evidence: no five-claim independent accuracy review,needs_identity_review,unresolved,analysis/creator; not a primary factual source,0,0,0,5,6,0,0,0,11,unresolved; affiliation public-web research; X sample not_attempted_skip_x,not_attempted_skip_x,internal_research_only; runtime_disabled; terms_review_required,needs_identity_review,yes,no,not_reviewed; disabled,Selected for coverage-constrained shortlist: FPL analysis,only 0 public items observed; fewer than 20 relevant items available in the endpoint sample; no deletion history; no relative publication-latency benchmark; historical accuracy component held at zero pending claim verification,handle/affiliation change; inactivity; terms/access change; pilot scope change; material correction or reliability evidence
2026-08-26,,lateriser12,Lateriser,https://x.com/lateriser12,https://www.fantasyfootballscout.co.uk/author/lateriser12/,fpl_creator,FPL analysis,,,,0,0,0,0,0,0,,0,insufficient_evidence: no five-claim independent accuracy review,needs_identity_review,unresolved,analysis/creator; not a primary factual source,0,0,0,5,6,0,0,0,11,unresolved; affiliation public-web research; X sample not_attempted_skip_x,not_attempted_skip_x,internal_research_only; runtime_disabled; terms_review_required,needs_identity_review,yes,no,not_reviewed; disabled,Selected for coverage-constrained shortlist: FPL analysis,only 0 public items observed; fewer than 20 relevant items available in the endpoint sample; no deletion history; no relative publication-latency benchmark; historical accuracy component held at zero pending claim verification,handle/affiliation change; inactivity; terms/access change; pilot scope change; material correction or reliability evidence
2026-08-26,,Pras_fpl,Pras,https://x.com/Pras_fpl,https://www.fantasyfootballscout.co.uk/author/pras/,fpl_creator,FPL analysis,,,,0,0,0,0,0,0,,0,insufficient_evidence: no five-claim independent accuracy review,needs_identity_review,unresolved,analysis/creator; not a primary factual source,0,0,0,5,6,0,0,0,11,unresolved; affiliation public-web research; X sample not_attempted_skip_x,not_attempted_skip_x,internal_research_only; runtime_disabled; terms_review_required,needs_identity_review,yes,no,not_reviewed; disabled,Selected for coverage-constrained shortlist: FPL analysis,only 0 public items observed; fewer than 20 relevant items available in the endpoint sample; no deletion history; no relative publication-latency benchmark; historical accuracy component held at zero pending claim verification,handle/affiliation change; inactivity; terms/access change; pilot scope change; material correction or reliability evidence
2026-08-26,,zophar666,Zophar,https://x.com/zophar666,https://www.fantasyfootballscout.co.uk/author/zophar/,fpl_creator,FPL analysis,,,,0,0,0,0,0,0,,0,insufficient_evidence: no five-claim independent accuracy review,needs_identity_review,unresolved,analysis/creator; not a primary factual source,0,0,0,5,6,0,0,0,11,unresolved; affiliation public-web research; X sample not_attempted_skip_x,not_attempted_skip_x,internal_research_only; runtime_disabled; terms_review_required,needs_identity_review,no,no,not_reviewed; disabled,Candidate retained for comparison: FPL analysis,only 0 public items observed; fewer than 20 relevant items available in the endpoint sample; no deletion history; no relative publication-latency benchmark; historical accuracy component held at zero pending claim verification,handle/affiliation change; inactivity; terms/access change; pilot scope change; material correction or reliability evidence
2026-08-26,,BigManBakar,BigManBakar,https://x.com/BigManBakar,https://www.fantasyfootballhub.co.uk/fantasy-premier-league-team-reveals,fpl_creator,FPL analysis,,,,0,0,0,0,0,0,,0,insufficient_evidence: no five-claim independent accuracy review,needs_identity_review,unresolved,analysis/creator; not a primary factual source,0,0,0,5,6,0,0,0,11,unresolved; affiliation public-web research; X sample not_attempted_skip_x,not_attempted_skip_x,internal_research_only; runtime_disabled; terms_review_required,needs_identity_review,no,no,not_reviewed; disabled,Candidate retained for comparison: FPL analysis,only 0 public items observed; fewer than 20 relevant items available in the endpoint sample; no deletion history; no relative publication-latency benchmark; historical accuracy component held at zero pending claim verification,handle/affiliation change; inactivity; terms/access change; pilot scope change; material correction or reliability evidence
2026-08-26,,LetsTalk_FPL,Let's Talk FPL,https://x.com/LetsTalk_FPL,https://www.youtube.com/@LetsTalkFPL,fpl_creator,FPL analysis,,,,0,0,0,0,0,0,,0,insufficient_evidence: no five-claim independent accuracy review,needs_identity_review,unresolved,analysis/creator; not a primary factual source,0,0,0,5,6,0,0,0,11,unresolved; affiliation public-web research; X sample not_attempted_skip_x,not_attempted_skip_x,internal_research_only; runtime_disabled; terms_review_required,needs_identity_review,no,no,not_reviewed; disabled,Candidate retained for comparison: FPL analysis,only 0 public items observed; fewer than 20 relevant items available in the endpoint sample; no deletion history; no relative publication-latency benchmark; historical accuracy component held at zero pending claim verification,handle/affiliation change; inactivity; terms/access change; pilot scope change; material correction or reliability evidence
2026-08-26,,FPL__Raptor,FPL Raptor,https://x.com/FPL__Raptor,https://www.fplraptor.com/,fpl_creator,FPL analysis and psychology,,,,0,0,0,0,0,0,,0,insufficient_evidence: no five-claim independent accuracy review,needs_identity_review,unresolved,analysis/creator; not a primary factual source,0,0,0,5,6,0,0,0,11,unresolved; affiliation public-web research; X sample not_attempted_skip_x,not_attempted_skip_x,internal_research_only; runtime_disabled; terms_review_required,needs_identity_review,yes,candidate_for_FPL-80_review,not_reviewed; disabled,Selected for coverage-constrained shortlist: FPL analysis and psychology,only 0 public items observed; fewer than 20 relevant items available in the endpoint sample; no deletion history; no relative publication-latency benchmark; historical accuracy component held at zero pending claim verification,handle/affiliation change; inactivity; terms/access change; pilot scope change; material correction or reliability evidence
2026-08-26,,FPL_Harry,FPL Harry,https://x.com/FPL_Harry,https://www.youtube.com/@FPLHarry,fpl_creator,FPL analysis,,,,0,0,0,0,0,0,,0,insufficient_evidence: no five-claim independent accuracy review,needs_identity_review,unresolved,analysis/creator; not a primary factual source,0,0,0,5,6,0,0,0,11,unresolved; affiliation public-web research; X sample not_attempted_skip_x,not_attempted_skip_x,internal_research_only; runtime_disabled; terms_review_required,needs_identity_review,yes,no,not_reviewed; disabled,Selected for coverage-constrained shortlist: FPL analysis,only 0 public items observed; fewer than 20 relevant items available in the endpoint sample; no deletion history; no relative publication-latency benchmark; historical accuracy component held at zero pending claim verification,handle/affiliation change; inactivity; terms/access change; pilot scope change; material correction or reliability evidence
2026-08-26,,FPLFocal,FPL Focal,https://x.com/FPLFocal,https://www.youtube.com/@FPLFocal,fpl_creator,FPL analysis and news,,,,0,0,0,0,0,0,,0,insufficient_evidence: no five-claim independent accuracy review,needs_identity_review,unresolved,analysis/creator; not a primary factual source,0,0,0,5,6,0,0,0,11,unresolved; affiliation public-web research; X sample not_attempted_skip_x,not_attempted_skip_x,internal_research_only; runtime_disabled; terms_review_required,needs_identity_review,yes,no,not_reviewed; disabled,Selected for coverage-constrained shortlist: FPL analysis and news,only 0 public items observed; fewer than 20 relevant items available in the endpoint sample; no deletion history; no relative publication-latency benchmark; historical accuracy component held at zero pending claim verification,handle/affiliation change; inactivity; terms/access change; pilot scope change; material correction or reliability evidence
2026-08-26,,FPLMate,FPL Mate,https://x.com/FPLMate,https://www.youtube.com/@FPLMate,fpl_creator,FPL analysis,,,,0,0,0,0,0,0,,0,insufficient_evidence: no five-claim independent accuracy review,needs_identity_review,unresolved,analysis/creator; not a primary factual source,0,0,0,5,6,0,0,0,11,unresolved; affiliation public-web research; X sample not_attempted_skip_x,not_attempted_skip_x,internal_research_only; runtime_disabled; terms_review_required,needs_identity_review,no,no,not_reviewed; disabled,Candidate retained for comparison: FPL analysis,only 0 public items observed; fewer than 20 relevant items available in the endpoint sample; no deletion history; no relative publication-latency benchmark; historical accuracy component held at zero pending claim verification,handle/affiliation change; inactivity; terms/access change; pilot scope change; material correction or reliability evidence
2026-08-26,,PlanetFPLPod,Planet FPL,https://x.com/PlanetFPLPod,https://www.planetfpl.com/,fpl_creator,FPL and club analysis podcast,,,,0,0,0,0,0,0,,0,insufficient_evidence: no five-claim independent accuracy review,needs_identity_review,unresolved,analysis/creator; not a primary factual source,0,0,0,5,6,0,0,0,11,unresolved; affiliation public-web research; X sample not_attempted_skip_x,not_attempted_skip_x,internal_research_only; runtime_disabled; terms_review_required,needs_identity_review,no,no,not_reviewed; disabled,Candidate retained for comparison: FPL and club analysis podcast,only 0 public items observed; fewer than 20 relevant items available in the endpoint sample; no deletion history; no relative publication-latency benchmark; historical accuracy component held at zero pending claim verification,handle/affiliation change; inactivity; terms/access change; pilot scope change; material correction or reliability evidence
2026-08-26,,fplblackbox_az,FPL BlackBox,https://x.com/fplblackbox_az,https://www.youtube.com/@FPLBlackBox,fpl_creator,FPL analysis podcast,,,,0,0,0,0,0,0,,0,insufficient_evidence: no five-claim independent accuracy review,needs_identity_review,unresolved,analysis/creator; not a primary factual source,0,0,0,5,6,0,0,0,11,unresolved; affiliation public-web research; X sample not_attempted_skip_x,not_attempted_skip_x,internal_research_only; runtime_disabled; terms_review_required,needs_identity_review,no,no,not_reviewed; disabled,Candidate retained for comparison: FPL analysis podcast,only 0 public items observed; fewer than 20 relevant items available in the endpoint sample; no deletion history; no relative publication-latency benchmark; historical accuracy component held at zero pending claim verification,handle/affiliation change; inactivity; terms/access change; pilot scope change; material correction or reliability evidence
2026-08-26,,hailcheaters,Always Cheating,https://x.com/hailcheaters,https://www.alwayscheating.com/,fpl_creator,FPL analysis podcast,,,,0,0,0,0,0,0,,0,insufficient_evidence: no five-claim independent accuracy review,needs_identity_review,unresolved,analysis/creator; not a primary factual source,0,0,0,5,6,0,0,0,11,unresolved; affiliation public-web research; X sample not_attempted_skip_x,not_attempted_skip_x,internal_research_only; runtime_disabled; terms_review_required,needs_identity_review,no,no,not_reviewed; disabled,Candidate retained for comparison: FPL analysis podcast,only 0 public items observed; fewer than 20 relevant items available in the endpoint sample; no deletion history; no relative publication-latency benchmark; historical accuracy component held at zero pending claim verification,handle/affiliation change; inactivity; terms/access change; pilot scope change; material correction or reliability evidence
2026-08-26,,59thMinutePod,The 59th Minute,https://x.com/59thMinutePod,https://x.com/59thMinutePod,fpl_creator,FPL analysis podcast,,,,0,0,0,0,0,0,,0,insufficient_evidence: no five-claim independent accuracy review,needs_identity_review,unresolved,analysis/creator; not a primary factual source,0,0,0,5,6,0,0,0,11,unresolved; affiliation public-web research; X sample not_attempted_skip_x,not_attempted_skip_x,internal_research_only; runtime_disabled; terms_review_required,needs_identity_review,no,no,not_reviewed; disabled,Candidate retained for comparison: FPL analysis podcast,only 0 public items observed; fewer than 20 relevant items available in the endpoint sample; no deletion history; no relative publication-latency benchmark; historical accuracy component held at zero pending claim verification,handle/affiliation change; inactivity; terms/access change; pilot scope change; material correction or reliability evidence
2026-08-26,,WGTA_FPL,Who Got The Assist?,https://x.com/WGTA_FPL,https://whogottheassist.com/,fpl_creator,FPL analysis podcast,,,,0,0,0,0,0,0,,0,insufficient_evidence: no five-claim independent accuracy review,needs_identity_review,unresolved,analysis/creator; not a primary factual source,0,0,0,5,6,0,0,0,11,unresolved; affiliation public-web research; X sample not_attempted_skip_x,not_attempted_skip_x,internal_research_only; runtime_disabled; terms_review_required,needs_identity_review,no,no,not_reviewed; disabled,Candidate retained for comparison: FPL analysis podcast,only 0 public items observed; fewer than 20 relevant items available in the endpoint sample; no deletion history; no relative publication-latency benchmark; historical accuracy component held at zero pending claim verification,handle/affiliation change; inactivity; terms/access change; pilot scope change; material correction or reliability evidence
2026-08-26,,FMLFPL,FML FPL,https://x.com/FMLFPL,https://www.fmlfpl.com/,fpl_creator,FPL analysis podcast,,,,0,0,0,0,0,0,,0,insufficient_evidence: no five-claim independent accuracy review,needs_identity_review,unresolved,analysis/creator; not a primary factual source,0,0,0,5,6,0,0,0,11,unresolved; affiliation public-web research; X sample not_attempted_skip_x,not_attempted_skip_x,internal_research_only; runtime_disabled; terms_review_required,needs_identity_review,no,no,not_reviewed; disabled,Candidate retained for comparison: FPL analysis podcast,only 0 public items observed; fewer than 20 relevant items available in the endpoint sample; no deletion history; no relative publication-latency benchmark; historical accuracy component held at zero pending claim verification,handle/affiliation change; inactivity; terms/access change; pilot scope change; material correction or reliability evidence
2026-08-26,,FPLFamily,FPL Family,https://x.com/FPLFamily,https://www.youtube.com/@FPLFamily,fpl_creator,FPL analysis,,,,0,0,0,0,0,0,,0,insufficient_evidence: no five-claim independent accuracy review,needs_identity_review,unresolved,analysis/creator; not a primary factual source,0,0,0,5,6,0,0,0,11,unresolved; affiliation public-web research; X sample not_attempted_skip_x,not_attempted_skip_x,internal_research_only; runtime_disabled; terms_review_required,needs_identity_review,no,no,not_reviewed; disabled,Candidate retained for comparison: FPL analysis,only 0 public items observed; fewer than 20 relevant items available in the endpoint sample; no deletion history; no relative publication-latency benchmark; historical accuracy component held at zero pending claim verification,handle/affiliation change; inactivity; terms/access change; pilot scope change; material correction or reliability evidence
2026-08-26,,FPLFran,FPL Fran,https://x.com/FPLFran,https://x.com/FPLFran,fpl_creator,FPL analysis,,,,0,0,0,0,0,0,,0,insufficient_evidence: no five-claim independent accuracy review,needs_identity_review,unresolved,analysis/creator; not a primary factual source,0,0,0,5,6,0,0,0,11,unresolved; affiliation public-web research; X sample not_attempted_skip_x,not_attempted_skip_x,internal_research_only; runtime_disabled; terms_review_required,needs_identity_review,no,no,not_reviewed; disabled,Candidate retained for comparison: FPL analysis,only 0 public items observed; fewer than 20 relevant items available in the endpoint sample; no deletion history; no relative publication-latency benchmark; historical accuracy component held at zero pending claim verification,handle/affiliation change; inactivity; terms/access change; pilot scope change; material correction or reliability evidence
2026-08-26,,FPLGunz,FPL Gunz,https://x.com/FPLGunz,https://x.com/FPLGunz,fpl_creator,FPL analysis,,,,0,0,0,0,0,0,,0,insufficient_evidence: no five-claim independent accuracy review,needs_identity_review,unresolved,analysis/creator; not a primary factual source,0,0,0,5,6,0,0,0,11,unresolved; affiliation public-web research; X sample not_attempted_skip_x,not_attempted_skip_x,internal_research_only; runtime_disabled; terms_review_required,needs_identity_review,no,no,not_reviewed; disabled,Candidate retained for comparison: FPL analysis,only 0 public items observed; fewer than 20 relevant items available in the endpoint sample; no deletion history; no relative publication-latency benchmark; historical accuracy component held at zero pending claim verification,handle/affiliation change; inactivity; terms/access change; pilot scope change; material correction or reliability evidence
2026-08-26,,FPL_Heisenberg,FPL Heisenberg,https://x.com/FPL_Heisenberg,https://x.com/FPL_Heisenberg,fpl_creator,FPL analysis,,,,0,0,0,0,0,0,,0,insufficient_evidence: no five-claim independent accuracy review,needs_identity_review,unresolved,analysis/creator; not a primary factual source,0,0,0,5,6,0,0,0,11,unresolved; affiliation public-web research; X sample not_attempted_skip_x,not_attempted_skip_x,internal_research_only; runtime_disabled; terms_review_required,needs_identity_review,no,no,not_reviewed; disabled,Candidate retained for comparison: FPL analysis,only 0 public items observed; fewer than 20 relevant items available in the endpoint sample; no deletion history; no relative publication-latency benchmark; historical accuracy component held at zero pending claim verification,handle/affiliation change; inactivity; terms/access change; pilot scope change; material correction or reliability evidence
2026-08-26,,FPL_Salah,FPL Salah,https://x.com/FPL_Salah,https://x.com/FPL_Salah,fpl_creator,FPL analysis,,,,0,0,0,0,0,0,,0,insufficient_evidence: no five-claim independent accuracy review,needs_identity_review,unresolved,analysis/creator; not a primary factual source,0,0,0,5,6,0,0,0,11,unresolved; affiliation public-web research; X sample not_attempted_skip_x,not_attempted_skip_x,internal_research_only; runtime_disabled; terms_review_required,needs_identity_review,no,no,not_reviewed; disabled,Candidate retained for comparison: FPL analysis,only 0 public items observed; fewer than 20 relevant items available in the endpoint sample; no deletion history; no relative publication-latency benchmark; historical accuracy component held at zero pending claim verification,handle/affiliation change; inactivity; terms/access change; pilot scope change; material correction or reliability evidence
2026-08-26,,FPLJUiCE,FPL JUiCE,https://x.com/FPLJUiCE,https://www.youtube.com/@FPLJUiCE,fpl_creator,FPL analysis,,,,0,0,0,0,0,0,,0,insufficient_evidence: no five-claim independent accuracy review,needs_identity_review,unresolved,analysis/creator; not a primary factual source,0,0,0,5,6,0,0,0,11,unresolved; affiliation public-web research; X sample not_attempted_skip_x,not_attempted_skip_x,internal_research_only; runtime_disabled; terms_review_required,needs_identity_review,no,no,not_reviewed; disabled,Candidate retained for comparison: FPL analysis,only 0 public items observed; fewer than 20 relevant items available in the endpoint sample; no deletion history; no relative publication-latency benchmark; historical accuracy component held at zero pending claim verification,handle/affiliation change; inactivity; terms/access change; pilot scope change; material correction or reliability evidence
2026-08-26,,_FPLtips,FPLtips,https://x.com/_FPLtips,https://www.youtube.com/@FPLtips,fpl_creator,FPL analysis,,,,0,0,0,0,0,0,,0,insufficient_evidence: no five-claim independent accuracy review,needs_identity_review,unresolved,analysis/creator; not a primary factual source,0,0,0,5,6,0,0,0,11,unresolved; affiliation public-web research; X sample not_attempted_skip_x,not_attempted_skip_x,internal_research_only; runtime_disabled; terms_review_required,needs_identity_review,no,no,not_reviewed; disabled,Candidate retained for comparison: FPL analysis,only 0 public items observed; fewer than 20 relevant items available in the endpoint sample; no deletion history; no relative publication-latency benchmark; historical accuracy component held at zero pending claim verification,handle/affiliation change; inactivity; terms/access change; pilot scope change; material correction or reliability evidence
2026-08-26,,FPLTeam_,FPL Team,https://x.com/FPLTeam_,https://x.com/FPLTeam_,fpl_creator,FPL analysis,,,,0,0,0,0,0,0,,0,insufficient_evidence: no five-claim independent accuracy review,needs_identity_review,unresolved,analysis/creator; not a primary factual source,0,0,0,5,6,0,0,0,11,unresolved; affiliation public-web research; X sample not_attempted_skip_x,not_attempted_skip_x,internal_research_only; runtime_disabled; terms_review_required,needs_identity_review,no,no,not_reviewed; disabled,Candidate retained for comparison: FPL analysis,only 0 public items observed; fewer than 20 relevant items available in the endpoint sample; no deletion history; no relative publication-latency benchmark; historical accuracy component held at zero pending claim verification,handle/affiliation change; inactivity; terms/access change; pilot scope change; material correction or reliability evidence
2026-08-26,,FPLBanger,FPL Banger,https://x.com/FPLBanger,https://x.com/FPLBanger,fpl_creator,FPL analysis,,,,0,0,0,0,0,0,,0,insufficient_evidence: no five-claim independent accuracy review,needs_identity_review,unresolved,analysis/creator; not a primary factual source,0,0,0,5,6,0,0,0,11,unresolved; affiliation public-web research; X sample not_attempted_skip_x,not_attempted_skip_x,internal_research_only; runtime_disabled; terms_review_required,needs_identity_review,no,no,not_reviewed; disabled,Candidate retained for comparison: FPL analysis,only 0 public items observed; fewer than 20 relevant items available in the endpoint sample; no deletion history; no relative publication-latency benchmark; historical accuracy component held at zero pending claim verification,handle/affiliation change; inactivity; terms/access change; pilot scope change; material correction or reliability evidence
2026-08-26,,FPLDylan7,FPL Dylan,https://x.com/FPLDylan7,https://x.com/FPLDylan7,fpl_creator,FPL analysis,,,,0,0,0,0,0,0,,0,insufficient_evidence: no five-claim independent accuracy review,needs_identity_review,unresolved,analysis/creator; not a primary factual source,0,0,0,5,6,0,0,0,11,unresolved; affiliation public-web research; X sample not_attempted_skip_x,not_attempted_skip_x,internal_research_only; runtime_disabled; terms_review_required,needs_identity_review,no,no,not_reviewed; disabled,Candidate retained for comparison: FPL analysis,only 0 public items observed; fewer than 20 relevant items available in the endpoint sample; no deletion history; no relative publication-latency benchmark; historical accuracy component held at zero pending claim verification,handle/affiliation change; inactivity; terms/access change; pilot scope change; material correction or reliability evidence
